source_id,title,url,relative_path,year,purpose,final_url,http_last_modified,content_type,publisher,retrieved_at_utc,retrieval_date_denver,bytes,sha256
BPS-CO-2020,"Census BPS county annual file, 2020",https://www2.census.gov/econ/bps/County/co2020a.txt,raw/county/co2020a.txt,2020,County comparison,https://www2.census.gov/econ/bps/County/co2020a.txt,"Mon, 03 May 2021 11:38:48 GMT",text/plain,U.S. Census Bureau,2026-10-01T20:01:41.649452+00:00,2026-10-01,369908,04efba6d3ffecd19340dece9d76d01343f8b97647617c79422c04e227e2d7293
BPS-ST-2020,"Census BPS state annual file, 2020",https://www2.census.gov/econ/bps/State/st2020a.txt,raw/state/st2020a.txt,2020,Independent state reconciliation,https://www2.census.gov/econ/bps/State/st2020a.txt,"Mon, 03 May 2021 11:37:40 GMT",text/plain,U.S. Census Bureau,2026-10-01T20:01:41.807858+00:00,2026-10-01,10432,446533087cb10997e488f081d05a2f04179468a04bd543316c0167763965cfd4
BPS-CO-2021,"Census BPS county annual file, 2021",https://www2.census.gov/econ/bps/County/co2021a.txt,raw/county/co2021a.txt,2021,County comparison,https://www2.census.gov/econ/bps/County/co2021a.txt,"Wed, 27 Apr 2022 21:11:18 GMT",text/plain,U.S. Census Bureau,2026-10-01T20:01:41.743908+00:00,2026-10-01,372012,ce2c9aa7b7c036ddbc99d6dc398ddf71e4a0ad0fc2782db883b559ca264f14b6
BPS-ST-2021,"Census BPS state annual file, 2021",https://www2.census.gov/econ/bps/State/st2021a.txt,raw/state/st2021a.txt,2021,Independent state reconciliation,https://www2.census.gov/econ/bps/State/st2021a.txt,"Wed, 27 Apr 2022 21:02:59 GMT",text/plain,U.S. Census Bureau,2026-10-01T20:01:41.638733+00:00,2026-10-01,10616,82fea768a93c91a702c91727d8dea64d2573f835dc9858b11d0e63a4092c524b
BPS-CO-2022,"Census BPS county annual file, 2022",https://www2.census.gov/econ/bps/County/co2022a.txt,raw/county/co2022a.txt,2022,County comparison,https://www2.census.gov/econ/bps/County/co2022a.txt,"Thu, 25 Apr 2024 14:27:42 GMT",text/plain,U.S. Census Bureau,2026-10-01T20:01:42.001743+00:00,2026-10-01,374937,0a88c16861ede81b04f8785e1c626e772510f33f1de9452f7592d86d308e2b5c
BPS-ST-2022,"Census BPS state annual file, 2022",https://www2.census.gov/econ/bps/State/st2022a.txt,raw/state/st2022a.txt,2022,Independent state reconciliation,https://www2.census.gov/econ/bps/State/st2022a.txt,"Tue, 23 Apr 2024 19:28:45 GMT",text/plain,U.S. Census Bureau,2026-10-01T20:01:41.833036+00:00,2026-10-01,10731,c973dde1f227de2c825ac0ce20b604979291080c7a1f70e9c953bf5a13980790
BPS-CO-2023,"Census BPS county annual file, 2023",https://www2.census.gov/econ/bps/County/co2023a.txt,raw/county/co2023a.txt,2023,County comparison,https://www2.census.gov/econ/bps/County/co2023a.txt,"Thu, 25 Apr 2024 14:23:01 GMT",text/plain,U.S. Census Bureau,2026-10-01T20:01:41.954800+00:00,2026-10-01,374707,fab11d759e905ff61838b8dfa41c0f2082e150cad07a20c65ddd620a007aa158
BPS-ST-2023,"Census BPS state annual file, 2023",https://www2.census.gov/econ/bps/State/st2023a.txt,raw/state/st2023a.txt,2023,Independent state reconciliation,https://www2.census.gov/econ/bps/State/st2023a.txt,"Thu, 01 May 2025 12:10:36 GMT",text/plain,U.S. Census Bureau,2026-10-01T20:01:42.017359+00:00,2026-10-01,10676,c3915919cc2b58ccb2be6c9e6000f064236aeaa9d032f9352d60c0f484b4a583
BPS-CO-2024,"Census BPS county annual file, 2024",https://www2.census.gov/econ/bps/County/co2024a.txt,raw/county/co2024a.txt,2024,County comparison,https://www2.census.gov/econ/bps/County/co2024a.txt,"Thu, 01 May 2025 12:05:36 GMT",text/plain,U.S. Census Bureau,2026-10-01T20:01:42.032801+00:00,2026-10-01,375214,a64c2dd19be96c469763c10d637575a584ef16a6878f451bba80c847bcafc8c6
BPS-ST-2024,"Census BPS state annual file, 2024",https://www2.census.gov/econ/bps/State/st2024a.txt,raw/state/st2024a.txt,2024,Independent state reconciliation,https://www2.census.gov/econ/bps/State/st2024a.txt,"Thu, 18 Sep 2025 15:15:30 GMT",text/plain,U.S. Census Bureau,2026-10-01T20:01:42.141253+00:00,2026-10-01,10681,8dd34fb3bc362a0d6c1e6832161432dd833aff9be49ebebc128335635c59e7d0
BPS-CO-2025,"Census BPS county annual file, 2025",https://www2.census.gov/econ/bps/County/co2025a.txt,raw/county/co2025a.txt,2025,County comparison,https://www2.census.gov/econ/bps/County/co2025a.txt,"Thu, 14 May 2026 13:45:24 GMT",text/plain,U.S. Census Bureau,2026-10-01T20:01:42.184688+00:00,2026-10-01,375314,5d523b1ff172c886ee7f2bc770c82c8c5470b5aaaec5f63441a18c621c80b30e
BPS-ST-2025,"Census BPS state annual file, 2025",https://www2.census.gov/econ/bps/State/st2025a.txt,raw/state/st2025a.txt,2025,Independent state reconciliation,https://www2.census.gov/econ/bps/State/st2025a.txt,"Thu, 14 May 2026 13:30:25 GMT",text/plain,U.S. Census Bureau,2026-10-01T20:01:42.184688+00:00,2026-10-01,10744,eab29258ada8389b9f469c566eb6eb074cf128aa94c471e89f818a20a4d83afb
DOC-CNTYASC,County ASCII file layout,https://www2.census.gov/econ/bps/Documentation/cntyasc.pdf,sources/cntyasc.pdf,,Field definitions and units,https://www2.census.gov/econ/bps/Documentation/cntyasc.pdf,"Thu, 10 Feb 2022 14:56:58 GMT",application/pdf,U.S. Census Bureau,2026-10-01T20:01:42.574980+00:00,2026-10-01,116597,21653ec1dc0f9a0a2a610f6698e004d40cdcab9855aeec766ace8ce81f30b2e8
DOC-STATEASC,State ASCII file layout,https://www2.census.gov/econ/bps/Documentation/stateasc.pdf,sources/stateasc.pdf,,Field definitions and units,https://www2.census.gov/econ/bps/Documentation/stateasc.pdf,"Thu, 10 Feb 2022 14:58:38 GMT",application/pdf,U.S. Census Bureau,2026-10-01T20:01:42.390101+00:00,2026-10-01,151547,c80b331127952f2ca0eead1c63ebfa632facad0095ef2e3038140079d41a8cb4
DOC-2022-UPDATE,2022 county file revision notice,https://www2.census.gov/econ/bps/County/co2022aupdatednotice.txt,sources/co2022aupdatednotice.txt,2022,Document Census source revisions,https://www2.census.gov/econ/bps/County/co2022aupdatednotice.txt,"Thu, 15 Jun 2023 20:32:26 GMT",text/plain,U.S. Census Bureau,2026-10-01T20:01:42.349445+00:00,2026-10-01,190,bc83046236dd0647eb2b4edf7133348de67c0fd81f49b2a3dcd1b38e25df0142
DOC-DEFINITIONS,Building Permits Survey definitions,https://www.census.gov/construction/bps/definitions.html,sources/definitions.html,,"Scope, definitions, imputation, valuation",https://www.census.gov/construction/bps/definitions.html,"Thu, 01 Oct 2026 20:05:03 GMT",text/html; charset=utf-8,U.S. Census Bureau,2026-10-01T20:05:05.798002+00:00,2026-10-01,68196,8cd51d879cd8341daada8c8e2c0c811dd629c7b3848a496ca7c37a910f0b3e0a
DOC-METHODOLOGY,Building Permits Survey methodology,https://www.census.gov/construction/bps/methodology.html,sources/methodology.html,,"Coverage, annual imputation, nonresponse",https://www.census.gov/construction/bps/methodology.html,"Thu, 01 Oct 2026 20:05:04 GMT",text/html; charset=utf-8,U.S. Census Bureau,2026-10-01T20:05:06.374151+00:00,2026-10-01,151305,3fc799ee772ad82198cf4307b2eb1af054113fbd5f7d683f6dbba6afc77f39e7
DOC-ANNOUNCEMENTS,Building Permits Survey announcements,https://www.census.gov/construction/bps/announcements.html,sources/announcements.html,,Annual release and revision history,https://www.census.gov/construction/bps/announcements.html,"Thu, 01 Oct 2026 20:05:04 GMT",text/html; charset=utf-8,U.S. Census Bureau,2026-10-01T20:05:06.265980+00:00,2026-10-01,65251,6f4ef838806ae776a4535d7d2426dc3cdb072196caa8cf5cc0d1f40f5bb748d3
DOC-BPS-HOME,Building Permits Survey home page,https://www.census.gov/construction/bps/index.html,sources/bps_home.html,,2025 final annual release confirmation,https://www.census.gov/construction/bps/index.html,"Thu, 01 Oct 2026 20:05:04 GMT",text/html; charset=utf-8,U.S. Census Bureau,2026-10-01T20:05:06.256123+00:00,2026-10-01,55303,588752df4f306456e012485fd4b40296e70842557003d9464d449ff58af36f97
DOC-2023-FAQ,2023 universe change frequently asked questions,https://www.census.gov/construction/pdf/bps_2023_faqs.pdf,sources/bps_2023_faqs.pdf,,2022 to 2023 coverage comparability,https://www.census.gov/construction/pdf/bps_2023_faqs.pdf,"Tue, 15 Nov 2022 21:55:07 GMT",application/pdf,U.S. Census Bureau,2026-10-01T20:05:06.337844+00:00,2026-10-01,34993,19dda7b27ce99d42788d898f2c0b19eec6ef9509fd54d6d3620077f1e5714a4e
DOC-C404-FORM,C-404 building permits survey sample form,https://www.census.gov/construction/bps/pdf/c404_06142024_sample_final.pdf,sources/c404_sample.pdf,,"Structure codes, reported measures and dollar units",https://www.census.gov/construction/bps/pdf/c404_06142024_sample_final.pdf,"Mon, 17 Jun 2024 15:37:32 GMT",application/pdf,U.S. Census Bureau,2026-10-01T20:05:07.841066+00:00,2026-10-01,1262658,f419cc2cf6f92772d11ced2ae060f69bdbb60ef80ee55159f68466ee5b94ac9b
