year,county_fips5,county_name,total_units,total_buildings,single_family_units,multifamily_units,total_valuation_usd,reported_units,imputed_units,imputed_unit_share,prior_year_units,yoy_units_change,yoy_pct_change,state_unit_share,single_family_share,multifamily_share,yoy_crosses_2023_coverage_change,period_role,coverage_basis,source_id,source_file,source_line
2020,49001,Beaver County,42,39,38,4,11814547,42,0,0.0,,,,0.0013217938630999213,0.9047619047619048,0.09523809523809523,0,baseline,2014 fixed universe,BPS-CO-2020,raw/county/co2020a.txt,2675
2020,49003,Box Elder County,533,412,381,152,92714260,384,149,0.2795497185741088,,,,0.016774193548387096,0.7148217636022514,0.2851782363977486,0,baseline,2014 fixed universe,BPS-CO-2020,raw/county/co2020a.txt,2676
2020,49005,Cache County,1610,1030,987,623,321528306,1610,0,0.0,,,,0.05066876475216365,0.6130434782608696,0.3869565217391304,0,baseline,2014 fixed universe,BPS-CO-2020,raw/county/co2020a.txt,2677
2020,49007,Carbon County,23,22,21,2,6817438,23,0,0.0,,,,0.0007238394964594807,0.9130434782608695,0.08695652173913043,0,baseline,2014 fixed universe,BPS-CO-2020,raw/county/co2020a.txt,2678
2020,49009,Daggett County,9,9,9,0,2258152,4,5,0.5555555555555556,,,,0.0002832415420928403,1.0,0.0,0,baseline,2014 fixed universe,BPS-CO-2020,raw/county/co2020a.txt,2679
2020,49011,Davis County,2417,1974,1946,471,603236927,2417,0,0.0,,,,0.076066089693155,0.8051303268514688,0.19486967314853124,0,baseline,2014 fixed universe,BPS-CO-2020,raw/county/co2020a.txt,2680
2020,49013,Duchesne County,105,102,101,4,24105274,54,51,0.4857142857142857,,,,0.0033044846577498033,0.9619047619047619,0.0380952380952381,0,baseline,2014 fixed universe,BPS-CO-2020,raw/county/co2020a.txt,2681
2020,49015,Emery County,7,7,7,0,1628900,0,7,1.0,,,,0.00022029897718332022,1.0,0.0,0,baseline,2014 fixed universe,BPS-CO-2020,raw/county/co2020a.txt,2682
2020,49017,Garfield County,58,58,58,0,12107805,58,0,0.0,,,,0.0018253343823760818,1.0,0.0,0,baseline,2014 fixed universe,BPS-CO-2020,raw/county/co2020a.txt,2683
2020,49019,Grand County,107,83,71,36,22796380,107,0,0.0,,,,0.0033674272226593234,0.6635514018691588,0.3364485981308411,0,baseline,2014 fixed universe,BPS-CO-2020,raw/county/co2020a.txt,2684
2020,49021,Iron County,514,475,473,41,109378486,203,311,0.6050583657587548,,,,0.016176239181746658,0.9202334630350194,0.07976653696498054,0,baseline,2014 fixed universe,BPS-CO-2020,raw/county/co2020a.txt,2685
2020,49023,Juab County,108,80,69,39,28711867,92,16,0.14814814814814814,,,,0.0033988985051140834,0.6388888888888888,0.3611111111111111,0,baseline,2014 fixed universe,BPS-CO-2020,raw/county/co2020a.txt,2686
2020,49025,Kane County,236,233,231,5,60386201,235,1,0.00423728813559322,,,,0.007427222659323367,0.9788135593220338,0.0211864406779661,0,baseline,2014 fixed universe,BPS-CO-2020,raw/county/co2020a.txt,2687
2020,49027,Millard County,63,58,55,8,10711866,62,1,0.015873015873015872,,,,0.001982690794649882,0.873015873015873,0.12698412698412698,0,baseline,2014 fixed universe,BPS-CO-2020,raw/county/co2020a.txt,2688
2020,49029,Morgan County,105,87,80,25,44884698,105,0,0.0,,,,0.0033044846577498033,0.7619047619047619,0.23809523809523808,0,baseline,2014 fixed universe,BPS-CO-2020,raw/county/co2020a.txt,2689
2020,49031,Piute County,26,26,26,0,4155930,0,26,1.0,,,,0.0008182533438237608,1.0,0.0,0,baseline,2014 fixed universe,BPS-CO-2020,raw/county/co2020a.txt,2690
2020,49033,Rich County,53,53,53,0,17192563,0,53,1.0,,,,0.0016679779701022817,1.0,0.0,0,baseline,2014 fixed universe,BPS-CO-2020,raw/county/co2020a.txt,2691
2020,49035,Salt Lake County,10101,4638,4322,5779,2014033380,8892,1209,0.11969111969111969,,,,0.31789142407553106,0.4278784278784279,0.5721215721215721,0,baseline,2014 fixed universe,BPS-CO-2020,raw/county/co2020a.txt,2692
2020,49037,San Juan County,46,46,46,0,7171344,8,38,0.8260869565217391,,,,0.0014476789929189614,1.0,0.0,0,baseline,2014 fixed universe,BPS-CO-2020,raw/county/co2020a.txt,2693
2020,49039,Sanpete County,73,73,73,0,14797439,73,0,0.0,,,,0.0022974036191974823,1.0,0.0,0,baseline,2014 fixed universe,BPS-CO-2020,raw/county/co2020a.txt,2694
2020,49041,Sevier County,105,103,101,4,25115061,105,0,0.0,,,,0.0033044846577498033,0.9619047619047619,0.0380952380952381,0,baseline,2014 fixed universe,BPS-CO-2020,raw/county/co2020a.txt,2695
2020,49043,Summit County,315,226,199,116,161870436,116,199,0.6317460317460317,,,,0.00991345397324941,0.6317460317460317,0.3682539682539683,0,baseline,2014 fixed universe,BPS-CO-2020,raw/county/co2020a.txt,2696
2020,49045,Tooele County,932,890,881,51,213859857,932,0,0.0,,,,0.02933123524783635,0.9452789699570815,0.05472103004291846,0,baseline,2014 fixed universe,BPS-CO-2020,raw/county/co2020a.txt,2697
2020,49047,Uintah County,59,59,59,0,16891102,59,0,0.0,,,,0.0018568056648308419,1.0,0.0,0,baseline,2014 fixed universe,BPS-CO-2020,raw/county/co2020a.txt,2698
2020,49049,Utah County,7859,6926,6731,1128,2068190516,7740,119,0.015141875556686602,,,,0.2473328088119591,0.8564702888408194,0.14352971115918056,0,baseline,2014 fixed universe,BPS-CO-2020,raw/county/co2020a.txt,2699
2020,49051,Wasatch County,517,498,496,21,270565166,512,5,0.009671179883945842,,,,0.016270653029110935,0.9593810444874274,0.04061895551257253,0,baseline,2014 fixed universe,BPS-CO-2020,raw/county/co2020a.txt,2700
2020,49053,Washington County,3314,2977,2939,375,641709080,2834,480,0.14484007242003621,,,,0.10429583005507474,0.8868436934218467,0.11315630657815329,0,baseline,2014 fixed universe,BPS-CO-2020,raw/county/co2020a.txt,2701
2020,49055,Wayne County,31,31,31,0,7760000,31,0,0.0,,,,0.000975609756097561,1.0,0.0,0,baseline,2014 fixed universe,BPS-CO-2020,raw/county/co2020a.txt,2702
2020,49057,Weber County,2407,1877,1817,590,471047819,2337,70,0.029081844619858747,,,,0.07575137686860739,0.7548815953469049,0.24511840465309515,0,baseline,2014 fixed universe,BPS-CO-2020,raw/county/co2020a.txt,2703
2021,49001,Beaver County,62,58,56,6,18901796,62,0,0.0,42,20,0.47619047619047616,0.0015873828665062216,0.9032258064516129,0.0967741935483871,0,analysis,2014 fixed universe,BPS-CO-2021,raw/county/co2021a.txt,2675
2021,49003,Box Elder County,881,505,468,413,150910126,783,98,0.1112372304199773,533,348,0.6529080675422139,0.02255619847406421,0.5312145289443814,0.46878547105561863,0,analysis,2014 fixed universe,BPS-CO-2021,raw/county/co2021a.txt,2676
2021,49005,Cache County,1137,935,902,235,322560467,1137,0,0.0,1610,-473,-0.2937888198757764,0.02911055353576732,0.793315743183817,0.20668425681618294,0,analysis,2014 fixed universe,BPS-CO-2021,raw/county/co2021a.txt,2677
2021,49007,Carbon County,42,42,42,0,12847746,42,0,0.0,23,19,0.8260869565217391,0.0010753238773106662,1.0,0.0,0,analysis,2014 fixed universe,BPS-CO-2021,raw/county/co2021a.txt,2678
2021,49009,Daggett County,17,17,17,0,5072265,11,6,0.35294117647058826,9,8,0.8888888888888888,0.00043525014081622205,1.0,0.0,0,analysis,2014 fixed universe,BPS-CO-2021,raw/county/co2021a.txt,2679
2021,49011,Davis County,3812,2051,2004,1808,818499697,3812,0,0.0,2417,1395,0.5771617707902358,0.09759844334067284,0.5257082896117523,0.47429171038824763,0,analysis,2014 fixed universe,BPS-CO-2021,raw/county/co2021a.txt,2680
2021,49013,Duchesne County,136,132,130,6,34080122,72,64,0.47058823529411764,105,31,0.29523809523809524,0.0034820011265297764,0.9558823529411765,0.04411764705882353,0,analysis,2014 fixed universe,BPS-CO-2021,raw/county/co2021a.txt,2681
2021,49015,Emery County,14,14,14,0,2746330,14,0,0.0,7,7,1.0,0.0003584412924368887,1.0,0.0,0,analysis,2014 fixed universe,BPS-CO-2021,raw/county/co2021a.txt,2682
2021,49017,Garfield County,76,76,76,0,17370698,76,0,0.0,58,18,0.3103448275862069,0.0019458241589431103,1.0,0.0,0,analysis,2014 fixed universe,BPS-CO-2021,raw/county/co2021a.txt,2683
2021,49019,Grand County,93,85,81,12,24764210,93,0,0.0,107,-14,-0.1308411214953271,0.0023810742997593323,0.8709677419354839,0.12903225806451613,0,analysis,2014 fixed universe,BPS-CO-2021,raw/county/co2021a.txt,2684
2021,49021,Iron County,891,664,552,339,201753902,891,0,0.0,514,377,0.7334630350194552,0.02281222796866199,0.6195286195286195,0.38047138047138046,0,analysis,2014 fixed universe,BPS-CO-2021,raw/county/co2021a.txt,2685
2021,49023,Juab County,135,119,112,23,37855333,118,17,0.1259259259259259,108,27,0.25,0.0034563981770699983,0.8296296296296296,0.17037037037037037,0,analysis,2014 fixed universe,BPS-CO-2021,raw/county/co2021a.txt,2686
2021,49025,Kane County,338,330,327,11,65153688,120,218,0.6449704142011834,236,102,0.4322033898305085,0.008653796917404885,0.9674556213017751,0.03254437869822485,0,analysis,2014 fixed universe,BPS-CO-2021,raw/county/co2021a.txt,2687
2021,49027,Millard County,53,50,49,4,10863845,49,4,0.07547169811320754,63,-10,-0.15873015873015872,0.0013569563213682216,0.9245283018867925,0.07547169811320754,0,analysis,2014 fixed universe,BPS-CO-2021,raw/county/co2021a.txt,2688
2021,49029,Morgan County,153,113,98,55,58118055,153,0,0.0,105,48,0.45714285714285713,0.003917251267345998,0.6405228758169934,0.35947712418300654,0,analysis,2014 fixed universe,BPS-CO-2021,raw/county/co2021a.txt,2689
2021,49031,Piute County,33,33,33,0,5258556,0,33,1.0,26,7,0.2692307692307692,0.0008448973321726663,1.0,0.0,0,analysis,2014 fixed universe,BPS-CO-2021,raw/county/co2021a.txt,2690
2021,49033,Rich County,68,68,68,0,22067697,0,68,1.0,53,15,0.2830188679245283,0.0017410005632648882,1.0,0.0,0,analysis,2014 fixed universe,BPS-CO-2021,raw/county/co2021a.txt,2691
2021,49035,Salt Lake County,10649,4642,4350,6299,2125291285,6675,3974,0.3731805803361818,10101,548,0.05425205425205425,0.27264580879717343,0.40848906000563434,0.5915109399943657,0,analysis,2014 fixed universe,BPS-CO-2021,raw/county/co2021a.txt,2692
2021,49037,San Juan County,161,161,161,0,48658403,161,0,0.0,46,115,2.5,0.0041220748630242205,1.0,0.0,0,analysis,2014 fixed universe,BPS-CO-2021,raw/county/co2021a.txt,2693
2021,49039,Sanpete County,227,227,227,0,40905899,227,0,0.0,73,154,2.1095890410958904,0.005811869527369553,1.0,0.0,0,analysis,2014 fixed universe,BPS-CO-2021,raw/county/co2021a.txt,2694
2021,49041,Sevier County,188,68,66,122,40580709,188,0,0.0,105,83,0.7904761904761904,0.00481335449843822,0.35106382978723405,0.648936170212766,0,analysis,2014 fixed universe,BPS-CO-2021,raw/county/co2021a.txt,2695
2021,49043,Summit County,439,318,286,153,222251344,150,289,0.6583143507972665,315,124,0.39365079365079364,0.011239694812842439,0.6514806378132119,0.34851936218678814,0,analysis,2014 fixed universe,BPS-CO-2021,raw/county/co2021a.txt,2696
2021,49045,Tooele County,993,990,988,5,259797635,993,0,0.0,932,61,0.06545064377682404,0.025423728813559324,0.9949647532729103,0.005035246727089627,0,analysis,2014 fixed universe,BPS-CO-2021,raw/county/co2021a.txt,2697
2021,49047,Uintah County,86,86,86,0,25614985,86,0,0.0,59,27,0.4576271186440678,0.002201853653540888,1.0,0.0,0,analysis,2014 fixed universe,BPS-CO-2021,raw/county/co2021a.txt,2698
2021,49049,Utah County,11040,7794,7450,3590,2733360389,11026,14,0.0012681159420289854,7859,3181,0.4047588751749586,0.2826565620359465,0.6748188405797102,0.32518115942028986,0,analysis,2014 fixed universe,BPS-CO-2021,raw/county/co2021a.txt,2699
2021,49051,Wasatch County,1179,912,894,285,625259702,1173,6,0.005089058524173028,517,662,1.2804642166344293,0.030185877413077985,0.7582697201017812,0.24173027989821882,0,analysis,2014 fixed universe,BPS-CO-2021,raw/county/co2021a.txt,2700
2021,49053,Washington County,3484,3273,3218,266,721283247,3030,454,0.13030998851894374,3314,170,0.051297525648762825,0.08920067591786573,0.9236509758897818,0.07634902411021814,0,analysis,2014 fixed universe,BPS-CO-2021,raw/county/co2021a.txt,2701
2021,49055,Wayne County,35,34,33,2,7542861,35,0,0.0,31,4,0.12903225806451613,0.0008961032310922218,0.9428571428571428,0.05714285714285714,0,analysis,2014 fixed universe,BPS-CO-2021,raw/county/co2021a.txt,2702
2021,49057,Weber County,2636,1690,1635,1001,528655280,2385,251,0.09522003034901366,2407,229,0.09513917739925218,0.06748937477597419,0.620257966616085,0.37974203338391505,0,analysis,2014 fixed universe,BPS-CO-2021,raw/county/co2021a.txt,2703
2022,49001,Beaver County,63,63,63,0,15183118,63,0,0.0,62,1,0.016129032258064516,0.001984314466597373,1.0,0.0,0,analysis,2014 fixed universe,BPS-CO-2022,raw/county/co2022a.txt,2674
2022,49003,Box Elder County,478,346,327,151,126091983,411,67,0.1401673640167364,881,-403,-0.45743473325766176,0.015055592302119752,0.6841004184100419,0.3158995815899582,0,analysis,2014 fixed universe,BPS-CO-2022,raw/county/co2022a.txt,2675
2022,49005,Cache County,1045,753,724,321,296307926,1037,8,0.007655502392344498,1137,-92,-0.08091468777484609,0.03291442250149611,0.692822966507177,0.307177033492823,0,analysis,2014 fixed universe,BPS-CO-2022,raw/county/co2022a.txt,2676
2022,49007,Carbon County,64,64,64,0,21067804,64,0,0.0,42,22,0.5238095238095238,0.0020158115216227282,1.0,0.0,0,analysis,2014 fixed universe,BPS-CO-2022,raw/county/co2022a.txt,2677
2022,49009,Daggett County,20,20,20,0,5297285,20,0,0.0,17,3,0.17647058823529413,0.0006299411005071026,1.0,0.0,0,analysis,2014 fixed universe,BPS-CO-2022,raw/county/co2022a.txt,2678
2022,49011,Davis County,2175,1393,1346,829,541166152,2175,0,0.0,3812,-1637,-0.4294333683105981,0.0685060946801474,0.6188505747126437,0.38114942528735635,0,analysis,2014 fixed universe,BPS-CO-2022,raw/county/co2022a.txt,2679
2022,49013,Duchesne County,183,178,176,7,45421723,121,62,0.33879781420765026,136,47,0.34558823529411764,0.005763961069639989,0.9617486338797814,0.03825136612021858,0,analysis,2014 fixed universe,BPS-CO-2022,raw/county/co2022a.txt,2680
2022,49015,Emery County,40,40,40,0,4824176,40,0,0.0,14,26,1.8571428571428572,0.0012598822010142052,1.0,0.0,0,analysis,2014 fixed universe,BPS-CO-2022,raw/county/co2022a.txt,2681
2022,49017,Garfield County,66,66,66,0,14530930,66,0,0.0,76,-10,-0.13157894736842105,0.0020788056316734384,1.0,0.0,0,analysis,2014 fixed universe,BPS-CO-2022,raw/county/co2022a.txt,2682
2022,49019,Grand County,101,78,64,37,22571070,101,0,0.0,93,8,0.08602150537634409,0.003181202557560868,0.6336633663366337,0.36633663366336633,0,analysis,2014 fixed universe,BPS-CO-2022,raw/county/co2022a.txt,2683
2022,49021,Iron County,1032,996,989,43,212315653,1032,0,0.0,891,141,0.15824915824915825,0.03250496078616649,0.9583333333333334,0.041666666666666664,0,analysis,2014 fixed universe,BPS-CO-2022,raw/county/co2022a.txt,2684
2022,49023,Juab County,122,89,73,49,30743593,122,0,0.0,135,-13,-0.0962962962962963,0.0038426407130933257,0.5983606557377049,0.4016393442622951,0,analysis,2014 fixed universe,BPS-CO-2022,raw/county/co2022a.txt,2685
2022,49025,Kane County,207,204,203,4,58524680,184,23,0.1111111111111111,338,-131,-0.3875739644970414,0.006519890390248512,0.9806763285024155,0.01932367149758454,0,analysis,2014 fixed universe,BPS-CO-2022,raw/county/co2022a.txt,2686
2022,49027,Millard County,64,60,58,6,12127923,60,4,0.0625,53,11,0.20754716981132076,0.0020158115216227282,0.90625,0.09375,0,analysis,2014 fixed universe,BPS-CO-2022,raw/county/co2022a.txt,2687
2022,49029,Morgan County,63,52,47,16,36108364,63,0,0.0,153,-90,-0.5882352941176471,0.001984314466597373,0.746031746031746,0.25396825396825395,0,analysis,2014 fixed universe,BPS-CO-2022,raw/county/co2022a.txt,2688
2022,49031,Piute County,36,36,36,0,5944980,9,27,0.75,33,3,0.09090909090909091,0.0011338939809127846,1.0,0.0,0,analysis,2014 fixed universe,BPS-CO-2022,raw/county/co2022a.txt,2689
2022,49033,Rich County,71,71,71,0,23127537,0,71,1.0,68,3,0.04411764705882353,0.002236290906800214,1.0,0.0,0,analysis,2014 fixed universe,BPS-CO-2022,raw/county/co2022a.txt,2690
2022,49035,Salt Lake County,9375,3519,3339,6036,1837477116,5470,3905,0.4165333333333333,10649,-1274,-0.11963564653958118,0.2952848908627043,0.35616,0.64384,0,analysis,2014 fixed universe,BPS-CO-2022,raw/county/co2022a.txt,2691
2022,49037,San Juan County,92,92,92,0,30578627,90,2,0.021739130434782608,161,-69,-0.42857142857142855,0.002897729062332672,1.0,0.0,0,analysis,2014 fixed universe,BPS-CO-2022,raw/county/co2022a.txt,2692
2022,49039,Sanpete County,202,190,186,16,36306397,202,0,0.0,227,-25,-0.11013215859030837,0.006362405115121736,0.9207920792079208,0.07920792079207921,0,analysis,2014 fixed universe,BPS-CO-2022,raw/county/co2022a.txt,2693
2022,49041,Sevier County,163,119,105,58,34098500,149,14,0.08588957055214724,188,-25,-0.13297872340425532,0.005134019969132886,0.6441717791411042,0.3558282208588957,0,analysis,2014 fixed universe,BPS-CO-2022,raw/county/co2022a.txt,2694
2022,49043,Summit County,560,472,470,90,343573819,560,0,0.0,439,121,0.275626423690205,0.017638350814198872,0.8392857142857143,0.16071428571428573,0,analysis,2014 fixed universe,BPS-CO-2022,raw/county/co2022a.txt,2695
2022,49045,Tooele County,727,668,653,74,202440968,727,0,0.0,993,-266,-0.2678751258811682,0.022898359003433177,0.8982118294360385,0.10178817056396149,0,analysis,2014 fixed universe,BPS-CO-2022,raw/county/co2022a.txt,2696
2022,49047,Uintah County,90,88,86,4,34772083,90,0,0.0,86,4,0.046511627906976744,0.002834734952281962,0.9555555555555556,0.044444444444444446,0,analysis,2014 fixed universe,BPS-CO-2022,raw/county/co2022a.txt,2697
2022,49049,Utah County,8165,5328,5080,3085,2213394113,8154,11,0.0013472137170851195,11040,-2875,-0.2604166666666667,0.25717345428202465,0.6221677893447642,0.37783221065523576,0,analysis,2014 fixed universe,BPS-CO-2022,raw/county/co2022a.txt,2698
2022,49051,Wasatch County,1009,994,991,18,630435332,1003,6,0.005946481665014866,1179,-170,-0.1441899915182358,0.03178052852058333,0.9821605550049554,0.017839444995044598,0,analysis,2014 fixed universe,BPS-CO-2022,raw/county/co2022a.txt,2699
2022,49053,Washington County,3196,2548,2486,710,608624554,3180,16,0.0050062578222778474,3484,-288,-0.08266360505166476,0.100664587861035,0.7778473091364205,0.22215269086357947,0,analysis,2014 fixed universe,BPS-CO-2022,raw/county/co2022a.txt,2700
2022,49055,Wayne County,29,26,25,4,8158251,29,0,0.0,35,-6,-0.17142857142857143,0.0009134145957352987,0.8620689655172413,0.13793103448275862,0,analysis,2014 fixed universe,BPS-CO-2022,raw/county/co2022a.txt,2701
2022,49057,Weber County,2311,1328,1252,1059,541330852,1875,436,0.18866291648636954,2636,-325,-0.1232928679817906,0.07278969416359571,0.5417568152315015,0.4582431847684985,0,analysis,2014 fixed universe,BPS-CO-2022,raw/county/co2022a.txt,2702
2023,49001,Beaver County,37,37,37,0,13156727,37,0,0.0,63,-26,-0.4126984126984127,0.0014589330073735262,1.0,0.0,1,analysis,annually updated universe,BPS-CO-2023,raw/county/co2023a.txt,2670
2023,49003,Box Elder County,270,243,238,32,75180482,212,58,0.21481481481481482,478,-208,-0.4351464435146444,0.010646267891644651,0.8814814814814815,0.11851851851851852,1,analysis,annually updated universe,BPS-CO-2023,raw/county/co2023a.txt,2671
2023,49005,Cache County,957,629,610,347,301319618,950,7,0.0073145245559038665,1045,-88,-0.08421052631578947,0.037735105082607155,0.6374085684430512,0.3625914315569488,1,analysis,annually updated universe,BPS-CO-2023,raw/county/co2023a.txt,2672
2023,49007,Carbon County,41,41,41,0,17619642,41,0,0.0,64,-23,-0.359375,0.0016166554946571508,1.0,0.0,1,analysis,annually updated universe,BPS-CO-2023,raw/county/co2023a.txt,2673
2023,49009,Daggett County,20,20,20,0,6428722,11,9,0.45,20,0,0.0,0.0007886124364181223,1.0,0.0,1,analysis,annually updated universe,BPS-CO-2023,raw/county/co2023a.txt,2674
2023,49011,Davis County,1547,752,684,863,374465911,1546,1,0.0006464124111182935,2175,-628,-0.288735632183908,0.06099917195694176,0.4421460892049127,0.5578539107950873,1,analysis,annually updated universe,BPS-CO-2023,raw/county/co2023a.txt,2675
2023,49013,Duchesne County,113,109,107,6,33913573,58,55,0.48672566371681414,183,-70,-0.3825136612021858,0.0044556602657623914,0.9469026548672567,0.05309734513274336,1,analysis,annually updated universe,BPS-CO-2023,raw/county/co2023a.txt,2676
2023,49015,Emery County,55,45,43,12,11154505,55,0,0.0,40,15,0.375,0.0021686842001498365,0.7818181818181819,0.21818181818181817,1,analysis,annually updated universe,BPS-CO-2023,raw/county/co2023a.txt,2677
2023,49017,Garfield County,53,46,45,8,17033472,53,0,0.0,66,-13,-0.19696969696969696,0.002089822956508024,0.8490566037735849,0.1509433962264151,1,analysis,annually updated universe,BPS-CO-2023,raw/county/co2023a.txt,2678
2023,49019,Grand County,82,63,55,27,21863377,82,0,0.0,101,-19,-0.18811881188118812,0.0032333109893143016,0.6707317073170732,0.32926829268292684,1,analysis,annually updated universe,BPS-CO-2023,raw/county/co2023a.txt,2679
2023,49021,Iron County,460,460,460,0,129784356,460,0,0.0,1032,-572,-0.5542635658914729,0.018138086037616814,1.0,0.0,1,analysis,annually updated universe,BPS-CO-2023,raw/county/co2023a.txt,2680
2023,49023,Juab County,145,101,88,57,36341652,145,0,0.0,122,23,0.1885245901639344,0.005717440164031386,0.6068965517241379,0.3931034482758621,1,analysis,annually updated universe,BPS-CO-2023,raw/county/co2023a.txt,2681
2023,49025,Kane County,153,153,153,0,35948218,129,24,0.1568627450980392,207,-54,-0.2608695652173913,0.006032885138598636,1.0,0.0,1,analysis,annually updated universe,BPS-CO-2023,raw/county/co2023a.txt,2682
2023,49027,Millard County,94,69,57,37,17332597,93,1,0.010638297872340425,64,30,0.46875,0.0037064784511651747,0.6063829787234043,0.39361702127659576,1,analysis,annually updated universe,BPS-CO-2023,raw/county/co2023a.txt,2683
2023,49029,Morgan County,143,89,73,70,34779224,143,0,0.0,63,80,1.2698412698412698,0.0056385789203895744,0.5104895104895105,0.48951048951048953,1,analysis,annually updated universe,BPS-CO-2023,raw/county/co2023a.txt,2684
2023,49031,Piute County,25,25,25,0,3956100,1,24,0.96,36,-11,-0.3055555555555556,0.0009857655455226529,1.0,0.0,1,analysis,annually updated universe,BPS-CO-2023,raw/county/co2023a.txt,2685
2023,49033,Rich County,53,53,53,0,22822120,15,38,0.7169811320754716,71,-18,-0.2535211267605634,0.002089822956508024,1.0,0.0,1,analysis,annually updated universe,BPS-CO-2023,raw/county/co2023a.txt,2686
2023,49035,Salt Lake County,8315,2813,2572,5743,1969574680,5358,2957,0.355622369212267,9375,-1060,-0.11306666666666666,0.32786562044083434,0.30932050511124476,0.6906794948887552,1,analysis,annually updated universe,BPS-CO-2023,raw/county/co2023a.txt,2687
2023,49037,San Juan County,65,65,65,0,22079241,25,40,0.6153846153846154,92,-27,-0.29347826086956524,0.0025629904183588977,1.0,0.0,1,analysis,annually updated universe,BPS-CO-2023,raw/county/co2023a.txt,2688
2023,49039,Sanpete County,238,216,200,38,36225306,238,0,0.0,202,36,0.1782178217821782,0.009384487993375655,0.8403361344537815,0.15966386554621848,1,analysis,annually updated universe,BPS-CO-2023,raw/county/co2023a.txt,2689
2023,49041,Sevier County,140,92,82,58,32795469,140,0,0.0,163,-23,-0.1411042944785276,0.005520287054926856,0.5857142857142857,0.4142857142857143,1,analysis,annually updated universe,BPS-CO-2023,raw/county/co2023a.txt,2690
2023,49043,Summit County,333,276,270,63,308502455,333,0,0.0,560,-227,-0.40535714285714286,0.013130397066361736,0.8108108108108109,0.1891891891891892,1,analysis,annually updated universe,BPS-CO-2023,raw/county/co2023a.txt,2691
2023,49045,Tooele County,920,654,591,329,226051002,920,0,0.0,727,193,0.265474552957359,0.03627617207523363,0.6423913043478261,0.3576086956521739,1,analysis,annually updated universe,BPS-CO-2023,raw/county/co2023a.txt,2692
2023,49047,Uintah County,86,76,70,16,30476226,86,0,0.0,90,-4,-0.044444444444444446,0.003391033476597926,0.813953488372093,0.18604651162790697,1,analysis,annually updated universe,BPS-CO-2023,raw/county/co2023a.txt,2693
2023,49049,Utah County,6036,4695,4575,1461,1771557277,5988,48,0.007952286282306162,8165,-2129,-0.26074709124311085,0.23800323331098933,0.7579522862823062,0.24204771371769385,1,analysis,annually updated universe,BPS-CO-2023,raw/county/co2023a.txt,2694
2023,49051,Wasatch County,700,679,669,31,525638125,700,0,0.0,1009,-309,-0.3062438057482656,0.02760143527463428,0.9557142857142857,0.04428571428571428,1,analysis,annually updated universe,BPS-CO-2023,raw/county/co2023a.txt,2695
2023,49053,Washington County,2820,2182,2134,686,542244248,2791,29,0.01028368794326241,3196,-376,-0.11764705882352941,0.11119435353495524,0.7567375886524823,0.24326241134751772,1,analysis,annually updated universe,BPS-CO-2023,raw/county/co2023a.txt,2696
2023,49055,Wayne County,20,20,20,0,6920969,20,0,0.0,29,-9,-0.3103448275862069,0.0007886124364181223,1.0,0.0,1,analysis,annually updated universe,BPS-CO-2023,raw/county/co2023a.txt,2697
2023,49057,Weber County,1440,928,876,564,361975364,513,927,0.64375,2311,-871,-0.3768931198615318,0.056780095422104805,0.6083333333333333,0.39166666666666666,1,analysis,annually updated universe,BPS-CO-2023,raw/county/co2023a.txt,2698
2024,49001,Beaver County,39,39,39,0,14086117,39,0,0.0,37,2,0.05405405405405406,0.0016316626223746966,1.0,0.0,0,analysis,annually updated universe,BPS-CO-2024,raw/county/co2024a.txt,2669
2024,49003,Box Elder County,479,407,397,82,140592132,429,50,0.10438413361169102,270,209,0.774074074074074,0.0200401640030123,0.8288100208768268,0.17118997912317327,0,analysis,annually updated universe,BPS-CO-2024,raw/county/co2024a.txt,2670
2024,49005,Cache County,1021,882,871,150,344154492,1021,0,0.0,957,64,0.06687565308254964,0.0427160907037068,0.8530852105778648,0.14691478942213515,0,analysis,annually updated universe,BPS-CO-2024,raw/county/co2024a.txt,2671
2024,49007,Carbon County,196,35,28,168,39741904,196,0,0.0,41,155,3.7804878048780486,0.008200150615011297,0.14285714285714285,0.8571428571428571,0,analysis,annually updated universe,BPS-CO-2024,raw/county/co2024a.txt,2672
2024,49009,Daggett County,10,10,10,0,3566205,10,0,0.0,20,-10,-0.5,0.00041837503137812733,1.0,0.0,0,analysis,annually updated universe,BPS-CO-2024,raw/county/co2024a.txt,2673
2024,49011,Davis County,1468,960,920,548,423279162,1468,0,0.0,1547,-79,-0.05106658047834518,0.061417454606309096,0.6267029972752044,0.37329700272479566,0,analysis,annually updated universe,BPS-CO-2024,raw/county/co2024a.txt,2674
2024,49013,Duchesne County,123,123,123,0,41080142,70,53,0.43089430894308944,113,10,0.08849557522123894,0.005146012885950966,1.0,0.0,0,analysis,annually updated universe,BPS-CO-2024,raw/county/co2024a.txt,2675
2024,49015,Emery County,55,55,55,0,6092325,55,0,0.0,55,0,0.0,0.0023010626725797003,1.0,0.0,0,analysis,annually updated universe,BPS-CO-2024,raw/county/co2024a.txt,2676
2024,49017,Garfield County,57,57,57,0,17217025,57,0,0.0,53,4,0.07547169811320754,0.0023847376788553257,1.0,0.0,0,analysis,annually updated universe,BPS-CO-2024,raw/county/co2024a.txt,2677
2024,49019,Grand County,238,135,120,118,41784486,238,0,0.0,82,156,1.9024390243902438,0.00995732574679943,0.5042016806722689,0.4957983193277311,0,analysis,annually updated universe,BPS-CO-2024,raw/county/co2024a.txt,2678
2024,49021,Iron County,655,655,655,0,202538802,655,0,0.0,460,195,0.42391304347826086,0.02740356455526734,1.0,0.0,0,analysis,annually updated universe,BPS-CO-2024,raw/county/co2024a.txt,2679
2024,49023,Juab County,107,83,72,35,35437625,107,0,0.0,145,-38,-0.2620689655172414,0.0044766128357459625,0.6728971962616822,0.32710280373831774,0,analysis,annually updated universe,BPS-CO-2024,raw/county/co2024a.txt,2680
2024,49025,Kane County,202,198,196,6,71005717,171,31,0.15346534653465346,153,49,0.3202614379084967,0.008451175633838173,0.9702970297029703,0.0297029702970297,0,analysis,annually updated universe,BPS-CO-2024,raw/county/co2024a.txt,2681
2024,49027,Millard County,93,81,76,17,18437512,91,2,0.021505376344086023,94,-1,-0.010638297872340425,0.0038908877918165845,0.8172043010752689,0.1827956989247312,0,analysis,annually updated universe,BPS-CO-2024,raw/county/co2024a.txt,2682
2024,49029,Morgan County,196,149,132,64,71782319,196,0,0.0,143,53,0.3706293706293706,0.008200150615011297,0.673469387755102,0.32653061224489793,0,analysis,annually updated universe,BPS-CO-2024,raw/county/co2024a.txt,2683
2024,49031,Piute County,25,25,25,0,3847375,1,24,0.96,25,0,0.0,0.0010459375784453184,1.0,0.0,0,analysis,annually updated universe,BPS-CO-2024,raw/county/co2024a.txt,2684
2024,49033,Rich County,97,76,72,25,48118316,54,43,0.44329896907216493,53,44,0.8301886792452831,0.0040582378043678355,0.7422680412371134,0.25773195876288657,0,analysis,annually updated universe,BPS-CO-2024,raw/county/co2024a.txt,2685
2024,49035,Salt Lake County,4550,2944,2848,1702,1285207139,4522,28,0.006153846153846154,8315,-3765,-0.45279615153337344,0.19036063927704794,0.625934065934066,0.3740659340659341,0,analysis,annually updated universe,BPS-CO-2024,raw/county/co2024a.txt,2686
2024,49037,San Juan County,52,50,48,4,19769187,52,0,0.0,65,-13,-0.2,0.0021755501631662622,0.9230769230769231,0.07692307692307693,0,analysis,annually updated universe,BPS-CO-2024,raw/county/co2024a.txt,2687
2024,49039,Sanpete County,266,220,210,56,97186991,266,0,0.0,238,28,0.11764705882352941,0.011128775834658187,0.7894736842105263,0.21052631578947367,0,analysis,annually updated universe,BPS-CO-2024,raw/county/co2024a.txt,2688
2024,49041,Sevier County,109,99,91,18,36859210,109,0,0.0,140,-31,-0.22142857142857142,0.004560287842021588,0.8348623853211009,0.1651376146788991,0,analysis,annually updated universe,BPS-CO-2024,raw/county/co2024a.txt,2689
2024,49043,Summit County,919,392,388,531,480610500,919,0,0.0,333,586,1.7597597597597598,0.0384486653836499,0.42219804134929273,0.5778019586507073,0,analysis,annually updated universe,BPS-CO-2024,raw/county/co2024a.txt,2690
2024,49045,Tooele County,897,738,677,220,339058125,897,0,0.0,920,-23,-0.025,0.037528240314618024,0.7547380156075808,0.24526198439241917,0,analysis,annually updated universe,BPS-CO-2024,raw/county/co2024a.txt,2691
2024,49047,Uintah County,86,78,74,12,29766277,86,0,0.0,86,0,0.0,0.003598025269851895,0.8604651162790697,0.13953488372093023,0,analysis,annually updated universe,BPS-CO-2024,raw/county/co2024a.txt,2692
2024,49049,Utah County,6321,5317,5174,1147,1932970837,6160,161,0.02547065337763012,6036,285,0.04721669980119284,0.2644548573341143,0.8185413700363866,0.18145862996361337,0,analysis,annually updated universe,BPS-CO-2024,raw/county/co2024a.txt,2693
2024,49051,Wasatch County,835,796,784,51,568265148,834,1,0.0011976047904191617,700,135,0.19285714285714287,0.03493431512007363,0.9389221556886228,0.06107784431137724,0,analysis,annually updated universe,BPS-CO-2024,raw/county/co2024a.txt,2694
2024,49053,Washington County,3152,2510,2467,685,613877835,3065,87,0.027601522842639593,2820,332,0.11773049645390071,0.13187180989038574,0.7826776649746193,0.2173223350253807,0,analysis,annually updated universe,BPS-CO-2024,raw/county/co2024a.txt,2695
2024,49055,Wayne County,24,22,21,3,7673057,24,0,0.0,20,4,0.2,0.0010041000753075056,0.875,0.125,0,analysis,annually updated universe,BPS-CO-2024,raw/county/co2024a.txt,2696
2024,49057,Weber County,1630,1104,1044,586,487007915,884,746,0.45766871165644174,1440,190,0.13194444444444445,0.06819513011463475,0.6404907975460122,0.3595092024539877,0,analysis,annually updated universe,BPS-CO-2024,raw/county/co2024a.txt,2697
2025,49001,Beaver County,48,40,38,10,17700952,48,0,0.0,39,9,0.23076923076923078,0.001792717086834734,0.7916666666666666,0.20833333333333334,0,analysis,annually updated universe,BPS-CO-2025,raw/county/co2025a.txt,2670
2025,49003,Box Elder County,456,386,369,87,155384290,432,24,0.05263157894736842,479,-23,-0.04801670146137787,0.01703081232492997,0.8092105263157895,0.19078947368421054,0,analysis,annually updated universe,BPS-CO-2025,raw/county/co2025a.txt,2671
2025,49005,Cache County,1112,864,850,262,355947428,1112,0,0.0,1021,91,0.089128305582762,0.041531279178338,0.7643884892086331,0.2356115107913669,0,analysis,annually updated universe,BPS-CO-2025,raw/county/co2025a.txt,2672
2025,49007,Carbon County,45,45,45,0,19900132,45,0,0.0,196,-151,-0.7704081632653061,0.0016806722689075631,1.0,0.0,0,analysis,annually updated universe,BPS-CO-2025,raw/county/co2025a.txt,2673
2025,49009,Daggett County,17,17,17,0,6678405,17,0,0.0,10,7,0.7,0.0006349206349206349,1.0,0.0,0,analysis,annually updated universe,BPS-CO-2025,raw/county/co2025a.txt,2674
2025,49011,Davis County,1917,888,841,1076,489625762,1917,0,0.0,1468,449,0.305858310626703,0.07159663865546219,0.43870631194574855,0.5612936880542514,0,analysis,annually updated universe,BPS-CO-2025,raw/county/co2025a.txt,2675
2025,49013,Duchesne County,127,124,123,4,39117176,66,61,0.48031496062992124,123,4,0.032520325203252036,0.004743230625583567,0.968503937007874,0.031496062992125984,0,analysis,annually updated universe,BPS-CO-2025,raw/county/co2025a.txt,2676
2025,49015,Emery County,77,77,77,0,7299770,77,0,0.0,55,22,0.4,0.002875816993464052,1.0,0.0,0,analysis,annually updated universe,BPS-CO-2025,raw/county/co2025a.txt,2677
2025,49017,Garfield County,27,27,27,0,10535601,27,0,0.0,57,-30,-0.5263157894736842,0.0010084033613445378,1.0,0.0,0,analysis,annually updated universe,BPS-CO-2025,raw/county/co2025a.txt,2678
2025,49019,Grand County,124,49,42,82,29569688,124,0,0.0,238,-114,-0.4789915966386555,0.004631185807656396,0.3387096774193548,0.6612903225806451,0,analysis,annually updated universe,BPS-CO-2025,raw/county/co2025a.txt,2679
2025,49021,Iron County,678,678,678,0,190390382,678,0,0.0,655,23,0.035114503816793895,0.025322128851540615,1.0,0.0,0,analysis,annually updated universe,BPS-CO-2025,raw/county/co2025a.txt,2680
2025,49023,Juab County,102,81,71,31,36003263,93,9,0.08823529411764706,107,-5,-0.04672897196261682,0.0038095238095238095,0.696078431372549,0.30392156862745096,0,analysis,annually updated universe,BPS-CO-2025,raw/county/co2025a.txt,2681
2025,49025,Kane County,146,127,122,24,50602489,124,22,0.1506849315068493,202,-56,-0.27722772277227725,0.005452847805788983,0.8356164383561644,0.1643835616438356,0,analysis,annually updated universe,BPS-CO-2025,raw/county/co2025a.txt,2682
2025,49027,Millard County,73,70,67,6,19384153,73,0,0.0,93,-20,-0.21505376344086022,0.0027264239028944913,0.9178082191780822,0.0821917808219178,0,analysis,annually updated universe,BPS-CO-2025,raw/county/co2025a.txt,2683
2025,49029,Morgan County,192,117,92,100,48497754,192,0,0.0,196,-4,-0.02040816326530612,0.007170868347338936,0.4791666666666667,0.5208333333333334,0,analysis,annually updated universe,BPS-CO-2025,raw/county/co2025a.txt,2684
2025,49031,Piute County,21,21,21,0,3166800,0,21,1.0,25,-4,-0.16,0.000784313725490196,1.0,0.0,0,analysis,annually updated universe,BPS-CO-2025,raw/county/co2025a.txt,2685
2025,49033,Rich County,82,65,62,20,41735352,42,40,0.4878048780487805,97,-15,-0.15463917525773196,0.003062558356676004,0.7560975609756098,0.24390243902439024,0,analysis,annually updated universe,BPS-CO-2025,raw/county/co2025a.txt,2686
2025,49035,Salt Lake County,7179,2721,2576,4603,1987390933,7155,24,0.003343083994985374,4550,2629,0.5778021978021978,0.26812324929971987,0.35882434879509684,0.6411756512049032,0,analysis,annually updated universe,BPS-CO-2025,raw/county/co2025a.txt,2687
2025,49037,San Juan County,55,52,49,6,19777598,8,47,0.8545454545454545,52,3,0.057692307692307696,0.002054154995331466,0.8909090909090909,0.10909090909090909,0,analysis,annually updated universe,BPS-CO-2025,raw/county/co2025a.txt,2688
2025,49039,Sanpete County,238,209,190,48,91412427,238,0,0.0,266,-28,-0.10526315789473684,0.008888888888888889,0.7983193277310925,0.20168067226890757,0,analysis,annually updated universe,BPS-CO-2025,raw/county/co2025a.txt,2689
2025,49041,Sevier County,97,97,97,0,43574509,97,0,0.0,109,-12,-0.11009174311926606,0.003622782446311858,1.0,0.0,0,analysis,annually updated universe,BPS-CO-2025,raw/county/co2025a.txt,2690
2025,49043,Summit County,563,345,334,229,403173887,563,0,0.0,919,-356,-0.38737758433079433,0.021027077497665733,0.5932504440497336,0.4067495559502664,0,analysis,annually updated universe,BPS-CO-2025,raw/county/co2025a.txt,2691
2025,49045,Tooele County,523,460,439,84,191457450,516,7,0.01338432122370937,897,-374,-0.4169453734671126,0.01953314659197012,0.8393881453154876,0.16061185468451242,0,analysis,annually updated universe,BPS-CO-2025,raw/county/co2025a.txt,2692
2025,49047,Uintah County,170,102,98,72,48165851,170,0,0.0,86,84,0.9767441860465116,0.006349206349206349,0.5764705882352941,0.4235294117647059,0,analysis,annually updated universe,BPS-CO-2025,raw/county/co2025a.txt,2693
2025,49049,Utah County,7202,5525,5324,1878,2102511859,7172,30,0.004165509580672035,6321,881,0.1393766809049201,0.2689822595704949,0.7392391002499306,0.26076089975006944,0,analysis,annually updated universe,BPS-CO-2025,raw/county/co2025a.txt,2694
2025,49051,Wasatch County,1128,794,786,342,790999430,1100,28,0.024822695035460994,835,293,0.3508982035928144,0.04212885154061625,0.6968085106382979,0.30319148936170215,0,analysis,annually updated universe,BPS-CO-2025,raw/county/co2025a.txt,2695
2025,49053,Washington County,2857,2528,2497,360,656018061,2835,22,0.0077003850192509625,3152,-295,-0.09359137055837563,0.10670401493930906,0.8739936996849843,0.12600630031501575,0,analysis,annually updated universe,BPS-CO-2025,raw/county/co2025a.txt,2696
2025,49055,Wayne County,29,29,29,0,10893780,29,0,0.0,24,5,0.20833333333333334,0.0010830999066293184,1.0,0.0,0,analysis,annually updated universe,BPS-CO-2025,raw/county/co2025a.txt,2697
2025,49057,Weber County,1490,889,813,677,442546376,845,645,0.43288590604026844,1630,-140,-0.08588957055214724,0.05564892623716153,0.5456375838926174,0.45436241610738254,0,analysis,annually updated universe,BPS-CO-2025,raw/county/co2025a.txt,2698
