county_fips5,county_name,units_2020,units_2021,units_2022,units_2023,units_2024,units_2025,avg_units_2023_2025,avg_units_2021_2025,min_units_2021_2025,max_units_2021_2025,absolute_change_2024_2025,pct_change_2024_2025,absolute_change_2023_2025,pct_change_2023_2025,absolute_change_2020_2025,pct_change_2020_2025,state_share_2025,single_family_units_2025,multifamily_units_2025,single_family_share_2025,multifamily_share_2025,imputed_units_2025,imputed_share_2025,reported_units_2025,valuation_usd_2025,rank_units_2025,rank_avg_units_2023_2025,rank_avg_units_2021_2025,rank_single_family_2025,rank_multifamily_2025,rank_reported_units_2025,rank_absolute_growth_2024_2025,rank_pct_growth_2024_2025
49049,Utah County,7859,11040,8165,6036,6321,7202,6519.666666666667,7752.8,6036,11040,881,0.1393766809049201,1166,0.1931742876076872,-657,-0.08359842219111846,0.2689822595704949,5324,1878,0.7392391002499306,0.26076089975006944,30,0.004165509580672035,7172,2102511859,1,2,2,1,2,1,2,9
49035,Salt Lake County,10101,10649,9375,8315,4550,7179,6681.333333333333,8013.6,4550,10649,2629,0.5778021978021978,-1136,-0.13662056524353577,-2922,-0.2892782892782893,0.26812324929971987,2576,4603,0.35882434879509684,0.6411756512049032,24,0.003343083994985374,7155,1987390933,2,1,1,2,1,2,1,3
49053,Washington County,3314,3484,3196,2820,3152,2857,2943.0,3101.8,2820,3484,-295,-0.09359137055837563,37,0.013120567375886525,-457,-0.13789981894990946,0.10670401493930906,2497,360,0.8739936996849843,0.12600630031501575,22,0.0077003850192509625,2835,656018061,3,3,3,3,5,3,27,18
49011,Davis County,2417,3812,2175,1547,1468,1917,1644.0,2183.8,1468,3812,449,0.305858310626703,370,0.2391725921137686,-500,-0.2068680182043856,0.07159663865546219,841,1076,0.43870631194574855,0.5612936880542514,0,0.0,1917,489625762,4,4,4,5,3,4,3,6
49057,Weber County,2407,2636,2311,1440,1630,1490,1520.0,1901.4,1440,2636,-140,-0.08588957055214724,50,0.034722222222222224,-917,-0.38097216452014954,0.05564892623716153,813,677,0.5456375838926174,0.45436241610738254,645,0.43288590604026844,845,442546376,5,5,5,6,4,7,25,17
49051,Wasatch County,517,1179,1009,700,835,1128,887.6666666666666,970.2,700,1179,293,0.3508982035928144,428,0.6114285714285714,611,1.1818181818181819,0.04212885154061625,786,342,0.6968085106382979,0.30319148936170215,28,0.024822695035460994,1100,790999430,6,7,7,7,6,6,4,5
49005,Cache County,1610,1137,1045,957,1021,1112,1030.0,1054.4,957,1137,91,0.089128305582762,155,0.1619644723092999,-498,-0.3093167701863354,0.041531279178338,850,262,0.7643884892086331,0.2356115107913669,0,0.0,1112,355947428,7,6,6,4,7,5,5,10
49021,Iron County,514,891,1032,460,655,678,597.6666666666666,743.2,460,1032,23,0.035114503816793895,218,0.47391304347826085,164,0.31906614785992216,0.025322128851540615,678,0,1.0,0.0,0,0.0,678,190390382,8,10,9,8,22,8,7,12
49043,Summit County,315,439,560,333,919,563,605.0,562.8,333,919,-356,-0.38737758433079433,230,0.6906906906906907,248,0.7873015873015873,0.021027077497665733,334,229,0.5932504440497336,0.4067495559502664,0,0.0,563,403173887,9,9,10,11,8,9,28,25
49045,Tooele County,932,993,727,920,897,523,780.0,812.0,523,993,-374,-0.4169453734671126,-397,-0.4315217391304348,-409,-0.4388412017167382,0.01953314659197012,439,84,0.8393881453154876,0.16061185468451242,7,0.01338432122370937,516,191457450,10,8,8,9,11,10,29,26
49003,Box Elder County,533,881,478,270,479,456,401.6666666666667,512.8,270,881,-23,-0.04801670146137787,186,0.6888888888888889,-77,-0.14446529080675422,0.01703081232492997,369,87,0.8092105263157895,0.19078947368421054,24,0.05263157894736842,432,155384290,11,11,11,10,10,11,20,16
49039,Sanpete County,73,227,202,238,266,238,247.33333333333334,234.2,202,266,-28,-0.10526315789473684,0,0.0,165,2.26027397260274,0.008888888888888889,190,48,0.7983193277310925,0.20168067226890757,0,0.0,238,91412427,12,12,12,12,14,12,21,19
49029,Morgan County,105,153,63,143,196,192,177.0,149.4,63,196,-4,-0.02040816326530612,49,0.34265734265734266,87,0.8285714285714286,0.007170868347338936,92,100,0.4791666666666667,0.5208333333333334,0,0.0,192,48497754,13,13,14,17,9,13,14,14
49047,Uintah County,59,86,90,86,86,170,114.0,103.6,86,170,84,0.9767441860465116,84,0.9767441860465116,111,1.88135593220339,0.006349206349206349,98,72,0.5764705882352941,0.4235294117647059,0,0.0,170,48165851,14,19,19,15,13,14,6,1
49025,Kane County,236,338,207,153,202,146,167.0,209.2,146,338,-56,-0.27722772277227725,-7,-0.0457516339869281,-90,-0.3813559322033898,0.005452847805788983,122,24,0.8356164383561644,0.1643835616438356,22,0.1506849315068493,124,50602489,15,14,13,14,16,15,23,24
49013,Duchesne County,105,136,183,113,123,127,121.0,136.4,113,183,4,0.032520325203252036,14,0.12389380530973451,22,0.20952380952380953,0.004743230625583567,123,4,0.968503937007874,0.031496062992125984,61,0.48031496062992124,66,39117176,16,16,16,13,21,21,12,13
49019,Grand County,107,93,101,82,238,124,148.0,127.6,82,238,-114,-0.4789915966386555,42,0.5121951219512195,17,0.1588785046728972,0.004631185807656396,42,82,0.3387096774193548,0.6612903225806451,0,0.0,124,29569688,17,15,17,24,12,15,24,27
49023,Juab County,108,135,122,145,107,102,118.0,122.2,102,145,-5,-0.04672897196261682,-43,-0.296551724137931,-6,-0.05555555555555555,0.0038095238095238095,71,31,0.696078431372549,0.30392156862745096,9,0.08823529411764706,93,36003263,18,17,18,19,15,18,16,15
49041,Sevier County,105,188,163,140,109,97,115.33333333333333,139.4,97,188,-12,-0.11009174311926606,-43,-0.30714285714285716,-8,-0.0761904761904762,0.003622782446311858,97,0,1.0,0.0,0,0.0,97,43574509,19,18,15,16,22,17,17,20
49033,Rich County,53,68,71,53,97,82,77.33333333333333,74.2,53,97,-15,-0.15463917525773196,29,0.5471698113207547,29,0.5471698113207547,0.003062558356676004,62,20,0.7560975609756098,0.24390243902439024,40,0.4878048780487805,42,41735352,20,22,23,21,17,24,18,21
49015,Emery County,7,14,40,55,55,77,62.333333333333336,48.2,14,77,22,0.4,22,0.4,70,10.0,0.002875816993464052,77,0,1.0,0.0,0,0.0,77,7299770,21,23,26,18,22,19,8,4
49027,Millard County,63,53,64,94,93,73,86.66666666666667,75.4,53,94,-20,-0.21505376344086022,-21,-0.22340425531914893,10,0.15873015873015872,0.0027264239028944913,67,6,0.9178082191780822,0.0821917808219178,0,0.0,73,19384153,22,21,22,20,19,20,19,23
49037,San Juan County,46,161,92,65,52,55,57.333333333333336,85.0,52,161,3,0.057692307692307696,-10,-0.15384615384615385,9,0.1956521739130435,0.002054154995331466,49,6,0.8909090909090909,0.10909090909090909,47,0.8545454545454545,8,19777598,23,24,20,22,19,28,13,11
49001,Beaver County,42,62,63,37,39,48,41.333333333333336,49.8,37,63,9,0.23076923076923078,11,0.2972972972972973,6,0.14285714285714285,0.001792717086834734,38,10,0.7916666666666666,0.20833333333333334,0,0.0,48,17700952,24,26,25,25,18,22,9,7
49007,Carbon County,23,42,64,41,196,45,94.0,77.6,41,196,-151,-0.7704081632653061,4,0.0975609756097561,22,0.9565217391304348,0.0016806722689075631,45,0,1.0,0.0,0,0.0,45,19900132,25,20,21,23,22,23,26,29
49055,Wayne County,31,35,29,20,24,29,24.333333333333332,27.4,20,35,5,0.20833333333333334,9,0.45,-2,-0.06451612903225806,0.0010830999066293184,29,0,1.0,0.0,0,0.0,29,10893780,26,27,28,26,22,25,11,8
49017,Garfield County,58,76,66,53,57,27,45.666666666666664,55.8,27,76,-30,-0.5263157894736842,-26,-0.49056603773584906,-31,-0.5344827586206896,0.0010084033613445378,27,0,1.0,0.0,0,0.0,27,10535601,27,25,24,27,22,26,22,28
49031,Piute County,26,33,36,25,25,21,23.666666666666668,28.0,21,36,-4,-0.16,-4,-0.16,-5,-0.19230769230769232,0.000784313725490196,21,0,1.0,0.0,21,1.0,0,3166800,28,28,27,28,22,29,14,22
49009,Daggett County,9,17,20,20,10,17,15.666666666666666,16.8,10,20,7,0.7,-3,-0.15,8,0.8888888888888888,0.0006349206349206349,17,0,1.0,0.0,0,0.0,17,6678405,29,29,29,29,22,27,10,2
