year,structure_code,basis,measure,raw_county_sum,raw_state_value,difference,rounding_tolerance,status
2020,101,estimated,buildings,22301,22301,0,0,PASS
2020,101,estimated,units,22301,22301,0,0,PASS
2020,101,estimated,valuation_usd,5943022711,5943023000,-289,500,PASS
2020,101,reported,buildings,20254,20254,0,0,PASS
2020,101,reported,units,20254,20254,0,0,PASS
2020,101,reported,valuation_usd,5435312001,5435312000,1,500,PASS
2020,103,estimated,buildings,202,202,0,0,PASS
2020,103,estimated,units,404,404,0,0,PASS
2020,103,estimated,valuation_usd,56904447,56904000,447,500,PASS
2020,103,reported,buildings,197,197,0,0,PASS
2020,103,reported,units,394,394,0,0,PASS
2020,103,reported,valuation_usd,55261775,55262000,-225,500,PASS
2020,104,estimated,buildings,286,286,0,0,PASS
2020,104,estimated,units,1048,1048,0,0,PASS
2020,104,estimated,valuation_usd,170581500,170582000,-500,500,PASS
2020,104,reported,buildings,259,259,0,0,PASS
2020,104,reported,units,959,959,0,0,PASS
2020,104,reported,valuation_usd,153168382,153168000,382,500,PASS
2020,105,estimated,buildings,303,303,0,0,PASS
2020,105,estimated,units,8022,8022,0,0,PASS
2020,105,estimated,valuation_usd,1116932142,1116932000,142,500,PASS
2020,105,reported,buildings,269,269,0,0,PASS
2020,105,reported,units,7428,7428,0,0,PASS
2020,105,reported,valuation_usd,1028173188,1028173000,188,500,PASS
2021,101,estimated,buildings,24423,24423,0,0,PASS
2021,101,estimated,units,24423,24423,0,0,PASS
2021,101,estimated,valuation_usd,7045024478,7045024000,478,500,PASS
2021,101,reported,buildings,22832,22832,0,0,PASS
2021,101,reported,units,22832,22832,0,0,PASS
2021,101,reported,valuation_usd,6638457568,6638458000,-432,500,PASS
2021,103,estimated,buildings,240,240,0,0,PASS
2021,103,estimated,units,480,480,0,0,PASS
2021,103,estimated,valuation_usd,69417856,69418000,-144,500,PASS
2021,103,reported,buildings,218,218,0,0,PASS
2021,103,reported,units,436,436,0,0,PASS
2021,103,reported,valuation_usd,65903968,65904000,-32,500,PASS
2021,104,estimated,buildings,251,251,0,0,PASS
2021,104,estimated,units,879,879,0,0,PASS
2021,104,estimated,valuation_usd,153677889,153678000,-111,500,PASS
2021,104,reported,buildings,201,201,0,0,PASS
2021,104,reported,units,717,717,0,0,PASS
2021,104,reported,valuation_usd,121038813,121039000,-187,500,PASS
2021,105,estimated,buildings,573,573,0,0,PASS
2021,105,estimated,units,13276,13276,0,0,PASS
2021,105,estimated,valuation_usd,1919906049,1919906000,49,500,PASS
2021,105,reported,buildings,490,490,0,0,PASS
2021,105,reported,units,9577,9577,0,0,PASS
2021,105,reported,valuation_usd,1416622618,1416623000,-382,500,PASS
2022,101,estimated,buildings,19132,19132,0,0,PASS
2022,101,estimated,units,19132,19132,0,0,PASS
2022,101,estimated,valuation_usd,6019508821,6019509000,-179,500,PASS
2022,101,reported,buildings,18352,18352,0,0,PASS
2022,101,reported,units,18352,18352,0,0,PASS
2022,101,reported,valuation_usd,5803047339,5803047000,339,500,PASS
2022,103,estimated,buildings,147,147,0,0,PASS
2022,103,estimated,units,294,294,0,0,PASS
2022,103,estimated,valuation_usd,52494118,52494000,118,500,PASS
2022,103,reported,buildings,123,123,0,0,PASS
2022,103,reported,units,246,246,0,0,PASS
2022,103,reported,valuation_usd,47854280,47854000,280,500,PASS
2022,104,estimated,buildings,139,139,0,0,PASS
2022,104,estimated,units,512,512,0,0,PASS
2022,104,estimated,valuation_usd,93177339,93177000,339,500,PASS
2022,104,reported,buildings,116,116,0,0,PASS
2022,104,reported,units,434,434,0,0,PASS
2022,104,reported,valuation_usd,79272266,79272000,266,500,PASS
2022,105,estimated,buildings,463,463,0,0,PASS
2022,105,estimated,units,11811,11811,0,0,PASS
2022,105,estimated,valuation_usd,1827365231,1827365000,231,500,PASS
2022,105,reported,buildings,399,399,0,0,PASS
2022,105,reported,units,8065,8065,0,0,PASS
2022,105,reported,valuation_usd,1324295861,1324296000,-139,500,PASS
2023,101,estimated,buildings,14913,14913,0,0,PASS
2023,101,estimated,units,14913,14913,0,0,PASS
2023,101,estimated,valuation_usd,5032659922,5032660000,-78,500,PASS
2023,101,reported,buildings,13972,13972,0,0,PASS
2023,101,reported,units,13972,13972,0,0,PASS
2023,101,reported,valuation_usd,4740745337,4740745000,337,500,PASS
2023,103,estimated,buildings,112,112,0,0,PASS
2023,103,estimated,units,224,224,0,0,PASS
2023,103,estimated,valuation_usd,41001639,41002000,-361,500,PASS
2023,103,reported,buildings,87,87,0,0,PASS
2023,103,reported,units,174,174,0,0,PASS
2023,103,reported,valuation_usd,35055866,35056000,-134,500,PASS
2023,104,estimated,buildings,194,194,0,0,PASS
2023,104,estimated,units,712,712,0,0,PASS
2023,104,estimated,valuation_usd,144458237,144458000,237,500,PASS
2023,104,reported,buildings,165,165,0,0,PASS
2023,104,reported,units,620,620,0,0,PASS
2023,104,reported,valuation_usd,128050227,128050000,227,500,PASS
2023,105,estimated,buildings,412,412,0,0,PASS
2023,105,estimated,units,9512,9512,0,0,PASS
2023,105,estimated,valuation_usd,1769020860,1769021000,-140,500,PASS
2023,105,reported,buildings,337,337,0,0,PASS
2023,105,reported,units,6377,6377,0,0,PASS
2023,105,reported,valuation_usd,1335319139,1335319000,139,500,PASS
2024,101,estimated,buildings,17674,17674,0,0,PASS
2024,101,estimated,units,17674,17674,0,0,PASS
2024,101,estimated,valuation_usd,6194638554,6194639000,-446,500,PASS
2024,101,reported,buildings,16850,16850,0,0,PASS
2024,101,reported,units,16850,16850,0,0,PASS
2024,101,reported,valuation_usd,5965563779,5965564000,-221,500,PASS
2024,103,estimated,buildings,92,92,0,0,PASS
2024,103,estimated,units,184,184,0,0,PASS
2024,103,estimated,valuation_usd,38266067,38266000,67,500,PASS
2024,103,reported,buildings,87,87,0,0,PASS
2024,103,reported,units,174,174,0,0,PASS
2024,103,reported,valuation_usd,36292661,36293000,-339,500,PASS
2024,104,estimated,buildings,143,143,0,0,PASS
2024,104,estimated,units,521,521,0,0,PASS
2024,104,estimated,valuation_usd,132301451,132301000,451,500,PASS
2024,104,reported,buildings,127,127,0,0,PASS
2024,104,reported,units,468,468,0,0,PASS
2024,104,reported,valuation_usd,122239537,122240000,-463,500,PASS
2024,105,estimated,buildings,331,331,0,0,PASS
2024,105,estimated,units,5523,5523,0,0,PASS
2024,105,estimated,valuation_usd,1055807805,1055808000,-195,500,PASS
2024,105,reported,buildings,307,307,0,0,PASS
2024,105,reported,units,5184,5184,0,0,PASS
2024,105,reported,valuation_usd,1006138424,1006138000,424,500,PASS
2025,101,estimated,buildings,16774,16774,0,0,PASS
2025,101,estimated,units,16774,16774,0,0,PASS
2025,101,estimated,valuation_usd,6294221647,6294222000,-353,500,PASS
2025,101,reported,buildings,16164,16164,0,0,PASS
2025,101,reported,units,16164,16164,0,0,PASS
2025,101,reported,valuation_usd,6069177247,6069177000,247,500,PASS
2025,103,estimated,buildings,101,101,0,0,PASS
2025,103,estimated,units,202,202,0,0,PASS
2025,103,estimated,valuation_usd,49316115,49316000,115,500,PASS
2025,103,reported,buildings,89,89,0,0,PASS
2025,103,reported,units,178,178,0,0,PASS
2025,103,reported,valuation_usd,44684196,44684000,196,500,PASS
2025,104,estimated,buildings,154,154,0,0,PASS
2025,104,estimated,units,578,578,0,0,PASS
2025,104,estimated,valuation_usd,135795663,135796000,-337,500,PASS
2025,104,reported,buildings,153,153,0,0,PASS
2025,104,reported,units,574,574,0,0,PASS
2025,104,reported,valuation_usd,134920663,134921000,-337,500,PASS
2025,105,estimated,buildings,398,398,0,0,PASS
2025,105,estimated,units,9221,9221,0,0,PASS
2025,105,estimated,valuation_usd,1830128133,1830128000,133,500,PASS
2025,105,reported,buildings,383,383,0,0,PASS
2025,105,reported,units,8879,8879,0,0,PASS
2025,105,reported,valuation_usd,1777348529,1777349000,-471,500,PASS
