scenario,county_fips5,county_name,metric_value,metric_rank,top_three_in_scenario
absolute_growth_2024_2025,49035,Salt Lake County,2629,1,1
absolute_growth_2024_2025,49049,Utah County,881,2,1
absolute_growth_2024_2025,49011,Davis County,449,3,1
absolute_growth_2024_2025,49051,Wasatch County,293,4,0
absolute_growth_2024_2025,49005,Cache County,91,5,0
absolute_growth_2024_2025,49047,Uintah County,84,6,0
absolute_growth_2024_2025,49021,Iron County,23,7,0
absolute_growth_2024_2025,49015,Emery County,22,8,0
absolute_growth_2024_2025,49001,Beaver County,9,9,0
absolute_growth_2024_2025,49009,Daggett County,7,10,0
absolute_growth_2024_2025,49055,Wayne County,5,11,0
absolute_growth_2024_2025,49013,Duchesne County,4,12,0
absolute_growth_2024_2025,49037,San Juan County,3,13,0
absolute_growth_2024_2025,49029,Morgan County,-4,14,0
absolute_growth_2024_2025,49031,Piute County,-4,14,0
absolute_growth_2024_2025,49023,Juab County,-5,16,0
absolute_growth_2024_2025,49041,Sevier County,-12,17,0
absolute_growth_2024_2025,49033,Rich County,-15,18,0
absolute_growth_2024_2025,49027,Millard County,-20,19,0
absolute_growth_2024_2025,49003,Box Elder County,-23,20,0
absolute_growth_2024_2025,49039,Sanpete County,-28,21,0
absolute_growth_2024_2025,49017,Garfield County,-30,22,0
absolute_growth_2024_2025,49025,Kane County,-56,23,0
absolute_growth_2024_2025,49019,Grand County,-114,24,0
absolute_growth_2024_2025,49057,Weber County,-140,25,0
absolute_growth_2024_2025,49007,Carbon County,-151,26,0
absolute_growth_2024_2025,49053,Washington County,-295,27,0
absolute_growth_2024_2025,49043,Summit County,-356,28,0
absolute_growth_2024_2025,49045,Tooele County,-374,29,0
five_year_average_units,49035,Salt Lake County,8013.6,1,1
five_year_average_units,49049,Utah County,7752.8,2,1
five_year_average_units,49053,Washington County,3101.8,3,1
five_year_average_units,49011,Davis County,2183.8,4,0
five_year_average_units,49057,Weber County,1901.4,5,0
five_year_average_units,49005,Cache County,1054.4,6,0
five_year_average_units,49051,Wasatch County,970.2,7,0
five_year_average_units,49045,Tooele County,812.0,8,0
five_year_average_units,49021,Iron County,743.2,9,0
five_year_average_units,49043,Summit County,562.8,10,0
five_year_average_units,49003,Box Elder County,512.8,11,0
five_year_average_units,49039,Sanpete County,234.2,12,0
five_year_average_units,49025,Kane County,209.2,13,0
five_year_average_units,49029,Morgan County,149.4,14,0
five_year_average_units,49041,Sevier County,139.4,15,0
five_year_average_units,49013,Duchesne County,136.4,16,0
five_year_average_units,49019,Grand County,127.6,17,0
five_year_average_units,49023,Juab County,122.2,18,0
five_year_average_units,49047,Uintah County,103.6,19,0
five_year_average_units,49037,San Juan County,85.0,20,0
five_year_average_units,49007,Carbon County,77.6,21,0
five_year_average_units,49027,Millard County,75.4,22,0
five_year_average_units,49033,Rich County,74.2,23,0
five_year_average_units,49017,Garfield County,55.8,24,0
five_year_average_units,49001,Beaver County,49.8,25,0
five_year_average_units,49015,Emery County,48.2,26,0
five_year_average_units,49031,Piute County,28.0,27,0
five_year_average_units,49055,Wayne County,27.4,28,0
five_year_average_units,49009,Daggett County,16.8,29,0
latest_total_units,49049,Utah County,7202,1,1
latest_total_units,49035,Salt Lake County,7179,2,1
latest_total_units,49053,Washington County,2857,3,1
latest_total_units,49011,Davis County,1917,4,0
latest_total_units,49057,Weber County,1490,5,0
latest_total_units,49051,Wasatch County,1128,6,0
latest_total_units,49005,Cache County,1112,7,0
latest_total_units,49021,Iron County,678,8,0
latest_total_units,49043,Summit County,563,9,0
latest_total_units,49045,Tooele County,523,10,0
latest_total_units,49003,Box Elder County,456,11,0
latest_total_units,49039,Sanpete County,238,12,0
latest_total_units,49029,Morgan County,192,13,0
latest_total_units,49047,Uintah County,170,14,0
latest_total_units,49025,Kane County,146,15,0
latest_total_units,49013,Duchesne County,127,16,0
latest_total_units,49019,Grand County,124,17,0
latest_total_units,49023,Juab County,102,18,0
latest_total_units,49041,Sevier County,97,19,0
latest_total_units,49033,Rich County,82,20,0
latest_total_units,49015,Emery County,77,21,0
latest_total_units,49027,Millard County,73,22,0
latest_total_units,49037,San Juan County,55,23,0
latest_total_units,49001,Beaver County,48,24,0
latest_total_units,49007,Carbon County,45,25,0
latest_total_units,49055,Wayne County,29,26,0
latest_total_units,49017,Garfield County,27,27,0
latest_total_units,49031,Piute County,21,28,0
latest_total_units,49009,Daggett County,17,29,0
multifamily_units,49035,Salt Lake County,4603,1,1
multifamily_units,49049,Utah County,1878,2,1
multifamily_units,49011,Davis County,1076,3,1
multifamily_units,49057,Weber County,677,4,0
multifamily_units,49053,Washington County,360,5,0
multifamily_units,49051,Wasatch County,342,6,0
multifamily_units,49005,Cache County,262,7,0
multifamily_units,49043,Summit County,229,8,0
multifamily_units,49029,Morgan County,100,9,0
multifamily_units,49003,Box Elder County,87,10,0
multifamily_units,49045,Tooele County,84,11,0
multifamily_units,49019,Grand County,82,12,0
multifamily_units,49047,Uintah County,72,13,0
multifamily_units,49039,Sanpete County,48,14,0
multifamily_units,49023,Juab County,31,15,0
multifamily_units,49025,Kane County,24,16,0
multifamily_units,49033,Rich County,20,17,0
multifamily_units,49001,Beaver County,10,18,0
multifamily_units,49027,Millard County,6,19,0
multifamily_units,49037,San Juan County,6,19,0
multifamily_units,49013,Duchesne County,4,21,0
multifamily_units,49007,Carbon County,0,22,0
multifamily_units,49009,Daggett County,0,22,0
multifamily_units,49015,Emery County,0,22,0
multifamily_units,49017,Garfield County,0,22,0
multifamily_units,49021,Iron County,0,22,0
multifamily_units,49031,Piute County,0,22,0
multifamily_units,49041,Sevier County,0,22,0
multifamily_units,49055,Wayne County,0,22,0
percent_growth_2024_2025,49047,Uintah County,0.9767441860465116,1,1
percent_growth_2024_2025,49009,Daggett County,0.7,2,1
percent_growth_2024_2025,49035,Salt Lake County,0.5778021978021978,3,1
percent_growth_2024_2025,49015,Emery County,0.4,4,0
percent_growth_2024_2025,49051,Wasatch County,0.3508982035928144,5,0
percent_growth_2024_2025,49011,Davis County,0.305858310626703,6,0
percent_growth_2024_2025,49001,Beaver County,0.23076923076923078,7,0
percent_growth_2024_2025,49055,Wayne County,0.20833333333333334,8,0
percent_growth_2024_2025,49049,Utah County,0.1393766809049201,9,0
percent_growth_2024_2025,49005,Cache County,0.089128305582762,10,0
percent_growth_2024_2025,49037,San Juan County,0.057692307692307696,11,0
percent_growth_2024_2025,49021,Iron County,0.035114503816793895,12,0
percent_growth_2024_2025,49013,Duchesne County,0.032520325203252036,13,0
percent_growth_2024_2025,49029,Morgan County,-0.02040816326530612,14,0
percent_growth_2024_2025,49023,Juab County,-0.04672897196261682,15,0
percent_growth_2024_2025,49003,Box Elder County,-0.04801670146137787,16,0
percent_growth_2024_2025,49057,Weber County,-0.08588957055214724,17,0
percent_growth_2024_2025,49053,Washington County,-0.09359137055837563,18,0
percent_growth_2024_2025,49039,Sanpete County,-0.10526315789473684,19,0
percent_growth_2024_2025,49041,Sevier County,-0.11009174311926606,20,0
percent_growth_2024_2025,49033,Rich County,-0.15463917525773196,21,0
percent_growth_2024_2025,49031,Piute County,-0.16,22,0
percent_growth_2024_2025,49027,Millard County,-0.21505376344086022,23,0
percent_growth_2024_2025,49025,Kane County,-0.27722772277227725,24,0
percent_growth_2024_2025,49043,Summit County,-0.38737758433079433,25,0
percent_growth_2024_2025,49045,Tooele County,-0.4169453734671126,26,0
percent_growth_2024_2025,49019,Grand County,-0.4789915966386555,27,0
percent_growth_2024_2025,49017,Garfield County,-0.5263157894736842,28,0
percent_growth_2024_2025,49007,Carbon County,-0.7704081632653061,29,0
recent_average_units,49035,Salt Lake County,6681.333333333333,1,1
recent_average_units,49049,Utah County,6519.666666666667,2,1
recent_average_units,49053,Washington County,2943.0,3,1
recent_average_units,49011,Davis County,1644.0,4,0
recent_average_units,49057,Weber County,1520.0,5,0
recent_average_units,49005,Cache County,1030.0,6,0
recent_average_units,49051,Wasatch County,887.6666666666666,7,0
recent_average_units,49045,Tooele County,780.0,8,0
recent_average_units,49043,Summit County,605.0,9,0
recent_average_units,49021,Iron County,597.6666666666666,10,0
recent_average_units,49003,Box Elder County,401.6666666666667,11,0
recent_average_units,49039,Sanpete County,247.33333333333334,12,0
recent_average_units,49029,Morgan County,177.0,13,0
recent_average_units,49025,Kane County,167.0,14,0
recent_average_units,49019,Grand County,148.0,15,0
recent_average_units,49013,Duchesne County,121.0,16,0
recent_average_units,49023,Juab County,118.0,17,0
recent_average_units,49041,Sevier County,115.33333333333333,18,0
recent_average_units,49047,Uintah County,114.0,19,0
recent_average_units,49007,Carbon County,94.0,20,0
recent_average_units,49027,Millard County,86.66666666666667,21,0
recent_average_units,49033,Rich County,77.33333333333333,22,0
recent_average_units,49015,Emery County,62.333333333333336,23,0
recent_average_units,49037,San Juan County,57.333333333333336,24,0
recent_average_units,49017,Garfield County,45.666666666666664,25,0
recent_average_units,49001,Beaver County,41.333333333333336,26,0
recent_average_units,49055,Wayne County,24.333333333333332,27,0
recent_average_units,49031,Piute County,23.666666666666668,28,0
recent_average_units,49009,Daggett County,15.666666666666666,29,0
reported_only_units,49049,Utah County,7172,1,1
reported_only_units,49035,Salt Lake County,7155,2,1
reported_only_units,49053,Washington County,2835,3,1
reported_only_units,49011,Davis County,1917,4,0
reported_only_units,49005,Cache County,1112,5,0
reported_only_units,49051,Wasatch County,1100,6,0
reported_only_units,49057,Weber County,845,7,0
reported_only_units,49021,Iron County,678,8,0
reported_only_units,49043,Summit County,563,9,0
reported_only_units,49045,Tooele County,516,10,0
reported_only_units,49003,Box Elder County,432,11,0
reported_only_units,49039,Sanpete County,238,12,0
reported_only_units,49029,Morgan County,192,13,0
reported_only_units,49047,Uintah County,170,14,0
reported_only_units,49019,Grand County,124,15,0
reported_only_units,49025,Kane County,124,15,0
reported_only_units,49041,Sevier County,97,17,0
reported_only_units,49023,Juab County,93,18,0
reported_only_units,49015,Emery County,77,19,0
reported_only_units,49027,Millard County,73,20,0
reported_only_units,49013,Duchesne County,66,21,0
reported_only_units,49001,Beaver County,48,22,0
reported_only_units,49007,Carbon County,45,23,0
reported_only_units,49033,Rich County,42,24,0
reported_only_units,49055,Wayne County,29,25,0
reported_only_units,49017,Garfield County,27,26,0
reported_only_units,49009,Daggett County,17,27,0
reported_only_units,49037,San Juan County,8,28,0
reported_only_units,49031,Piute County,0,29,0
single_family_units,49049,Utah County,5324,1,1
single_family_units,49035,Salt Lake County,2576,2,1
single_family_units,49053,Washington County,2497,3,1
single_family_units,49005,Cache County,850,4,0
single_family_units,49011,Davis County,841,5,0
single_family_units,49057,Weber County,813,6,0
single_family_units,49051,Wasatch County,786,7,0
single_family_units,49021,Iron County,678,8,0
single_family_units,49045,Tooele County,439,9,0
single_family_units,49003,Box Elder County,369,10,0
single_family_units,49043,Summit County,334,11,0
single_family_units,49039,Sanpete County,190,12,0
single_family_units,49013,Duchesne County,123,13,0
single_family_units,49025,Kane County,122,14,0
single_family_units,49047,Uintah County,98,15,0
single_family_units,49041,Sevier County,97,16,0
single_family_units,49029,Morgan County,92,17,0
single_family_units,49015,Emery County,77,18,0
single_family_units,49023,Juab County,71,19,0
single_family_units,49027,Millard County,67,20,0
single_family_units,49033,Rich County,62,21,0
single_family_units,49037,San Juan County,49,22,0
single_family_units,49007,Carbon County,45,23,0
single_family_units,49019,Grand County,42,24,0
single_family_units,49001,Beaver County,38,25,0
single_family_units,49055,Wayne County,29,26,0
single_family_units,49017,Garfield County,27,27,0
single_family_units,49031,Piute County,21,28,0
single_family_units,49009,Daggett County,17,29,0
