year,county_fips5,county_name,structure_code,measure,raw_value,prepared_value,source_file,source_line,source_field_one_based,status
2020,49001,Beaver County,101,estimated_buildings,38,38,raw/county/co2020a.txt,2675,7,PASS
2020,49001,Beaver County,101,estimated_units,38,38,raw/county/co2020a.txt,2675,8,PASS
2020,49001,Beaver County,101,estimated_valuation_usd,11007562,11007562,raw/county/co2020a.txt,2675,9,PASS
2020,49001,Beaver County,101,reported_buildings,38,38,raw/county/co2020a.txt,2675,19,PASS
2020,49001,Beaver County,101,reported_units,38,38,raw/county/co2020a.txt,2675,20,PASS
2020,49001,Beaver County,101,reported_valuation_usd,11007562,11007562,raw/county/co2020a.txt,2675,21,PASS
2020,49001,Beaver County,103,estimated_buildings,0,0,raw/county/co2020a.txt,2675,10,PASS
2020,49001,Beaver County,103,estimated_units,0,0,raw/county/co2020a.txt,2675,11,PASS
2020,49001,Beaver County,103,estimated_valuation_usd,0,0,raw/county/co2020a.txt,2675,12,PASS
2020,49001,Beaver County,103,reported_buildings,0,0,raw/county/co2020a.txt,2675,22,PASS
2020,49001,Beaver County,103,reported_units,0,0,raw/county/co2020a.txt,2675,23,PASS
2020,49001,Beaver County,103,reported_valuation_usd,0,0,raw/county/co2020a.txt,2675,24,PASS
2020,49001,Beaver County,104,estimated_buildings,1,1,raw/county/co2020a.txt,2675,13,PASS
2020,49001,Beaver County,104,estimated_units,4,4,raw/county/co2020a.txt,2675,14,PASS
2020,49001,Beaver County,104,estimated_valuation_usd,806985,806985,raw/county/co2020a.txt,2675,15,PASS
2020,49001,Beaver County,104,reported_buildings,1,1,raw/county/co2020a.txt,2675,25,PASS
2020,49001,Beaver County,104,reported_units,4,4,raw/county/co2020a.txt,2675,26,PASS
2020,49001,Beaver County,104,reported_valuation_usd,806985,806985,raw/county/co2020a.txt,2675,27,PASS
2020,49001,Beaver County,105,estimated_buildings,0,0,raw/county/co2020a.txt,2675,16,PASS
2020,49001,Beaver County,105,estimated_units,0,0,raw/county/co2020a.txt,2675,17,PASS
2020,49001,Beaver County,105,estimated_valuation_usd,0,0,raw/county/co2020a.txt,2675,18,PASS
2020,49001,Beaver County,105,reported_buildings,0,0,raw/county/co2020a.txt,2675,28,PASS
2020,49001,Beaver County,105,reported_units,0,0,raw/county/co2020a.txt,2675,29,PASS
2020,49001,Beaver County,105,reported_valuation_usd,0,0,raw/county/co2020a.txt,2675,30,PASS
2020,49049,Utah County,101,estimated_buildings,6731,6731,raw/county/co2020a.txt,2699,7,PASS
2020,49049,Utah County,101,estimated_units,6731,6731,raw/county/co2020a.txt,2699,8,PASS
2020,49049,Utah County,101,estimated_valuation_usd,1909827180,1909827180,raw/county/co2020a.txt,2699,9,PASS
2020,49049,Utah County,101,reported_buildings,6612,6612,raw/county/co2020a.txt,2699,19,PASS
2020,49049,Utah County,101,reported_units,6612,6612,raw/county/co2020a.txt,2699,20,PASS
2020,49049,Utah County,101,reported_valuation_usd,1862889224,1862889224,raw/county/co2020a.txt,2699,21,PASS
2020,49049,Utah County,103,estimated_buildings,19,19,raw/county/co2020a.txt,2699,10,PASS
2020,49049,Utah County,103,estimated_units,38,38,raw/county/co2020a.txt,2699,11,PASS
2020,49049,Utah County,103,estimated_valuation_usd,7337426,7337426,raw/county/co2020a.txt,2699,12,PASS
2020,49049,Utah County,103,reported_buildings,19,19,raw/county/co2020a.txt,2699,22,PASS
2020,49049,Utah County,103,reported_units,38,38,raw/county/co2020a.txt,2699,23,PASS
2020,49049,Utah County,103,reported_valuation_usd,7337426,7337426,raw/county/co2020a.txt,2699,24,PASS
2020,49049,Utah County,104,estimated_buildings,105,105,raw/county/co2020a.txt,2699,13,PASS
2020,49049,Utah County,104,estimated_units,391,391,raw/county/co2020a.txt,2699,14,PASS
2020,49049,Utah County,104,estimated_valuation_usd,54039911,54039911,raw/county/co2020a.txt,2699,15,PASS
2020,49049,Utah County,104,reported_buildings,105,105,raw/county/co2020a.txt,2699,25,PASS
2020,49049,Utah County,104,reported_units,391,391,raw/county/co2020a.txt,2699,26,PASS
2020,49049,Utah County,104,reported_valuation_usd,54039911,54039911,raw/county/co2020a.txt,2699,27,PASS
2020,49049,Utah County,105,estimated_buildings,71,71,raw/county/co2020a.txt,2699,16,PASS
2020,49049,Utah County,105,estimated_units,699,699,raw/county/co2020a.txt,2699,17,PASS
2020,49049,Utah County,105,estimated_valuation_usd,96985999,96985999,raw/county/co2020a.txt,2699,18,PASS
2020,49049,Utah County,105,reported_buildings,71,71,raw/county/co2020a.txt,2699,28,PASS
2020,49049,Utah County,105,reported_units,699,699,raw/county/co2020a.txt,2699,29,PASS
2020,49049,Utah County,105,reported_valuation_usd,96985999,96985999,raw/county/co2020a.txt,2699,30,PASS
2020,49057,Weber County,101,estimated_buildings,1817,1817,raw/county/co2020a.txt,2703,7,PASS
2020,49057,Weber County,101,estimated_units,1817,1817,raw/county/co2020a.txt,2703,8,PASS
2020,49057,Weber County,101,estimated_valuation_usd,396175941,396175941,raw/county/co2020a.txt,2703,9,PASS
2020,49057,Weber County,101,reported_buildings,1796,1796,raw/county/co2020a.txt,2703,19,PASS
2020,49057,Weber County,101,reported_units,1796,1796,raw/county/co2020a.txt,2703,20,PASS
2020,49057,Weber County,101,reported_valuation_usd,390072925,390072925,raw/county/co2020a.txt,2703,21,PASS
2020,49057,Weber County,103,estimated_buildings,5,5,raw/county/co2020a.txt,2703,10,PASS
2020,49057,Weber County,103,estimated_units,10,10,raw/county/co2020a.txt,2703,11,PASS
2020,49057,Weber County,103,estimated_valuation_usd,1641946,1641946,raw/county/co2020a.txt,2703,12,PASS
2020,49057,Weber County,103,reported_buildings,5,5,raw/county/co2020a.txt,2703,22,PASS
2020,49057,Weber County,103,reported_units,10,10,raw/county/co2020a.txt,2703,23,PASS
2020,49057,Weber County,103,reported_valuation_usd,1641946,1641946,raw/county/co2020a.txt,2703,24,PASS
2020,49057,Weber County,104,estimated_buildings,32,32,raw/county/co2020a.txt,2703,13,PASS
2020,49057,Weber County,104,estimated_units,122,122,raw/county/co2020a.txt,2703,14,PASS
2020,49057,Weber County,104,estimated_valuation_usd,22106617,22106617,raw/county/co2020a.txt,2703,15,PASS
2020,49057,Weber County,104,reported_buildings,29,29,raw/county/co2020a.txt,2703,25,PASS
2020,49057,Weber County,104,reported_units,110,110,raw/county/co2020a.txt,2703,26,PASS
2020,49057,Weber County,104,reported_valuation_usd,19757104,19757104,raw/county/co2020a.txt,2703,27,PASS
2020,49057,Weber County,105,estimated_buildings,23,23,raw/county/co2020a.txt,2703,16,PASS
2020,49057,Weber County,105,estimated_units,458,458,raw/county/co2020a.txt,2703,17,PASS
2020,49057,Weber County,105,estimated_valuation_usd,51123315,51123315,raw/county/co2020a.txt,2703,18,PASS
2020,49057,Weber County,105,reported_buildings,16,16,raw/county/co2020a.txt,2703,28,PASS
2020,49057,Weber County,105,reported_units,421,421,raw/county/co2020a.txt,2703,29,PASS
2020,49057,Weber County,105,reported_valuation_usd,47837027,47837027,raw/county/co2020a.txt,2703,30,PASS
2025,49001,Beaver County,101,estimated_buildings,38,38,raw/county/co2025a.txt,2670,7,PASS
2025,49001,Beaver County,101,estimated_units,38,38,raw/county/co2025a.txt,2670,8,PASS
2025,49001,Beaver County,101,estimated_valuation_usd,15757330,15757330,raw/county/co2025a.txt,2670,9,PASS
2025,49001,Beaver County,101,reported_buildings,38,38,raw/county/co2025a.txt,2670,19,PASS
2025,49001,Beaver County,101,reported_units,38,38,raw/county/co2025a.txt,2670,20,PASS
2025,49001,Beaver County,101,reported_valuation_usd,15757330,15757330,raw/county/co2025a.txt,2670,21,PASS
2025,49001,Beaver County,103,estimated_buildings,0,0,raw/county/co2025a.txt,2670,10,PASS
2025,49001,Beaver County,103,estimated_units,0,0,raw/county/co2025a.txt,2670,11,PASS
2025,49001,Beaver County,103,estimated_valuation_usd,0,0,raw/county/co2025a.txt,2670,12,PASS
2025,49001,Beaver County,103,reported_buildings,0,0,raw/county/co2025a.txt,2670,22,PASS
2025,49001,Beaver County,103,reported_units,0,0,raw/county/co2025a.txt,2670,23,PASS
2025,49001,Beaver County,103,reported_valuation_usd,0,0,raw/county/co2025a.txt,2670,24,PASS
2025,49001,Beaver County,104,estimated_buildings,0,0,raw/county/co2025a.txt,2670,13,PASS
2025,49001,Beaver County,104,estimated_units,0,0,raw/county/co2025a.txt,2670,14,PASS
2025,49001,Beaver County,104,estimated_valuation_usd,0,0,raw/county/co2025a.txt,2670,15,PASS
2025,49001,Beaver County,104,reported_buildings,0,0,raw/county/co2025a.txt,2670,25,PASS
2025,49001,Beaver County,104,reported_units,0,0,raw/county/co2025a.txt,2670,26,PASS
2025,49001,Beaver County,104,reported_valuation_usd,0,0,raw/county/co2025a.txt,2670,27,PASS
2025,49001,Beaver County,105,estimated_buildings,2,2,raw/county/co2025a.txt,2670,16,PASS
2025,49001,Beaver County,105,estimated_units,10,10,raw/county/co2025a.txt,2670,17,PASS
2025,49001,Beaver County,105,estimated_valuation_usd,1943622,1943622,raw/county/co2025a.txt,2670,18,PASS
2025,49001,Beaver County,105,reported_buildings,2,2,raw/county/co2025a.txt,2670,28,PASS
2025,49001,Beaver County,105,reported_units,10,10,raw/county/co2025a.txt,2670,29,PASS
2025,49001,Beaver County,105,reported_valuation_usd,1943622,1943622,raw/county/co2025a.txt,2670,30,PASS
2025,49049,Utah County,101,estimated_buildings,5324,5324,raw/county/co2025a.txt,2694,7,PASS
2025,49049,Utah County,101,estimated_units,5324,5324,raw/county/co2025a.txt,2694,8,PASS
2025,49049,Utah County,101,estimated_valuation_usd,1782326563,1782326563,raw/county/co2025a.txt,2694,9,PASS
2025,49049,Utah County,101,reported_buildings,5294,5294,raw/county/co2025a.txt,2694,19,PASS
2025,49049,Utah County,101,reported_units,5294,5294,raw/county/co2025a.txt,2694,20,PASS
2025,49049,Utah County,101,reported_valuation_usd,1754018661,1754018661,raw/county/co2025a.txt,2694,21,PASS
2025,49049,Utah County,103,estimated_buildings,11,11,raw/county/co2025a.txt,2694,10,PASS
2025,49049,Utah County,103,estimated_units,22,22,raw/county/co2025a.txt,2694,11,PASS
2025,49049,Utah County,103,estimated_valuation_usd,5426800,5426800,raw/county/co2025a.txt,2694,12,PASS
2025,49049,Utah County,103,reported_buildings,11,11,raw/county/co2025a.txt,2694,22,PASS
2025,49049,Utah County,103,reported_units,22,22,raw/county/co2025a.txt,2694,23,PASS
2025,49049,Utah County,103,reported_valuation_usd,5426800,5426800,raw/county/co2025a.txt,2694,24,PASS
2025,49049,Utah County,104,estimated_buildings,45,45,raw/county/co2025a.txt,2694,13,PASS
2025,49049,Utah County,104,estimated_units,169,169,raw/county/co2025a.txt,2694,14,PASS
2025,49049,Utah County,104,estimated_valuation_usd,35810197,35810197,raw/county/co2025a.txt,2694,15,PASS
2025,49049,Utah County,104,reported_buildings,45,45,raw/county/co2025a.txt,2694,25,PASS
2025,49049,Utah County,104,reported_units,169,169,raw/county/co2025a.txt,2694,26,PASS
2025,49049,Utah County,104,reported_valuation_usd,35810197,35810197,raw/county/co2025a.txt,2694,27,PASS
2025,49049,Utah County,105,estimated_buildings,145,145,raw/county/co2025a.txt,2694,16,PASS
2025,49049,Utah County,105,estimated_units,1687,1687,raw/county/co2025a.txt,2694,17,PASS
2025,49049,Utah County,105,estimated_valuation_usd,278948299,278948299,raw/county/co2025a.txt,2694,18,PASS
2025,49049,Utah County,105,reported_buildings,145,145,raw/county/co2025a.txt,2694,28,PASS
2025,49049,Utah County,105,reported_units,1687,1687,raw/county/co2025a.txt,2694,29,PASS
2025,49049,Utah County,105,reported_valuation_usd,278948299,278948299,raw/county/co2025a.txt,2694,30,PASS
2025,49057,Weber County,101,estimated_buildings,813,813,raw/county/co2025a.txt,2698,7,PASS
2025,49057,Weber County,101,estimated_units,813,813,raw/county/co2025a.txt,2698,8,PASS
2025,49057,Weber County,101,estimated_valuation_usd,313976308,313976308,raw/county/co2025a.txt,2698,9,PASS
2025,49057,Weber County,101,reported_buildings,516,516,raw/county/co2025a.txt,2698,19,PASS
2025,49057,Weber County,101,reported_units,516,516,raw/county/co2025a.txt,2698,20,PASS
2025,49057,Weber County,101,reported_valuation_usd,223407972,223407972,raw/county/co2025a.txt,2698,21,PASS
2025,49057,Weber County,103,estimated_buildings,3,3,raw/county/co2025a.txt,2698,10,PASS
2025,49057,Weber County,103,estimated_units,6,6,raw/county/co2025a.txt,2698,11,PASS
2025,49057,Weber County,103,estimated_valuation_usd,1138764,1138764,raw/county/co2025a.txt,2698,12,PASS
2025,49057,Weber County,103,reported_buildings,0,0,raw/county/co2025a.txt,2698,22,PASS
2025,49057,Weber County,103,reported_units,0,0,raw/county/co2025a.txt,2698,23,PASS
2025,49057,Weber County,103,reported_valuation_usd,0,0,raw/county/co2025a.txt,2698,24,PASS
2025,49057,Weber County,104,estimated_buildings,16,16,raw/county/co2025a.txt,2698,13,PASS
2025,49057,Weber County,104,estimated_units,57,57,raw/county/co2025a.txt,2698,14,PASS
2025,49057,Weber County,104,estimated_valuation_usd,12534421,12534421,raw/county/co2025a.txt,2698,15,PASS
2025,49057,Weber County,104,reported_buildings,16,16,raw/county/co2025a.txt,2698,25,PASS
2025,49057,Weber County,104,reported_units,57,57,raw/county/co2025a.txt,2698,26,PASS
2025,49057,Weber County,104,reported_valuation_usd,12534421,12534421,raw/county/co2025a.txt,2698,27,PASS
2025,49057,Weber County,105,estimated_buildings,57,57,raw/county/co2025a.txt,2698,16,PASS
2025,49057,Weber County,105,estimated_units,614,614,raw/county/co2025a.txt,2698,17,PASS
2025,49057,Weber County,105,estimated_valuation_usd,114896883,114896883,raw/county/co2025a.txt,2698,18,PASS
2025,49057,Weber County,105,reported_buildings,42,42,raw/county/co2025a.txt,2698,28,PASS
2025,49057,Weber County,105,reported_units,272,272,raw/county/co2025a.txt,2698,29,PASS
2025,49057,Weber County,105,reported_valuation_usd,62117279,62117279,raw/county/co2025a.txt,2698,30,PASS
