state_fips,county_fips,county_fips5,county_name
49,001,49001,Beaver County
49,003,49003,Box Elder County
49,005,49005,Cache County
49,007,49007,Carbon County
49,009,49009,Daggett County
49,011,49011,Davis County
49,013,49013,Duchesne County
49,015,49015,Emery County
49,017,49017,Garfield County
49,019,49019,Grand County
49,021,49021,Iron County
49,023,49023,Juab County
49,025,49025,Kane County
49,027,49027,Millard County
49,029,49029,Morgan County
49,031,49031,Piute County
49,033,49033,Rich County
49,035,49035,Salt Lake County
49,037,49037,San Juan County
49,039,49039,Sanpete County
49,041,49041,Sevier County
49,043,49043,Summit County
49,045,49045,Tooele County
49,047,49047,Uintah County
49,049,49049,Utah County
49,051,49051,Wasatch County
49,053,49053,Washington County
49,055,49055,Wayne County
49,057,49057,Weber County
