year,state_fips,state_name,structure_code,structure_type,estimated_buildings,estimated_units,estimated_valuation_thousand_usd,estimated_valuation_usd,reported_buildings,reported_units,reported_valuation_thousand_usd,reported_valuation_usd,source_id,source_file,source_line
2020,49,Utah,101,1-unit,22301,22301,5943023,5943023000,20254,20254,5435312,5435312000,BPS-ST-2020,raw/state/st2020a.txt,48
2020,49,Utah,103,2-unit,202,404,56904,56904000,197,394,55262,55262000,BPS-ST-2020,raw/state/st2020a.txt,48
2020,49,Utah,104,3-4-unit,286,1048,170582,170582000,259,959,153168,153168000,BPS-ST-2020,raw/state/st2020a.txt,48
2020,49,Utah,105,5-plus-unit,303,8022,1116932,1116932000,269,7428,1028173,1028173000,BPS-ST-2020,raw/state/st2020a.txt,48
2021,49,Utah,101,1-unit,24423,24423,7045024,7045024000,22832,22832,6638458,6638458000,BPS-ST-2021,raw/state/st2021a.txt,49
2021,49,Utah,103,2-unit,240,480,69418,69418000,218,436,65904,65904000,BPS-ST-2021,raw/state/st2021a.txt,49
2021,49,Utah,104,3-4-unit,251,879,153678,153678000,201,717,121039,121039000,BPS-ST-2021,raw/state/st2021a.txt,49
2021,49,Utah,105,5-plus-unit,573,13276,1919906,1919906000,490,9577,1416623,1416623000,BPS-ST-2021,raw/state/st2021a.txt,49
2022,49,Utah,101,1-unit,19132,19132,6019509,6019509000,18352,18352,5803047,5803047000,BPS-ST-2022,raw/state/st2022a.txt,48
2022,49,Utah,103,2-unit,147,294,52494,52494000,123,246,47854,47854000,BPS-ST-2022,raw/state/st2022a.txt,48
2022,49,Utah,104,3-4-unit,139,512,93177,93177000,116,434,79272,79272000,BPS-ST-2022,raw/state/st2022a.txt,48
2022,49,Utah,105,5-plus-unit,463,11811,1827365,1827365000,399,8065,1324296,1324296000,BPS-ST-2022,raw/state/st2022a.txt,48
2023,49,Utah,101,1-unit,14913,14913,5032660,5032660000,13972,13972,4740745,4740745000,BPS-ST-2023,raw/state/st2023a.txt,48
2023,49,Utah,103,2-unit,112,224,41002,41002000,87,174,35056,35056000,BPS-ST-2023,raw/state/st2023a.txt,48
2023,49,Utah,104,3-4-unit,194,712,144458,144458000,165,620,128050,128050000,BPS-ST-2023,raw/state/st2023a.txt,48
2023,49,Utah,105,5-plus-unit,412,9512,1769021,1769021000,337,6377,1335319,1335319000,BPS-ST-2023,raw/state/st2023a.txt,48
2024,49,Utah,101,1-unit,17674,17674,6194639,6194639000,16850,16850,5965564,5965564000,BPS-ST-2024,raw/state/st2024a.txt,48
2024,49,Utah,103,2-unit,92,184,38266,38266000,87,174,36293,36293000,BPS-ST-2024,raw/state/st2024a.txt,48
2024,49,Utah,104,3-4-unit,143,521,132301,132301000,127,468,122240,122240000,BPS-ST-2024,raw/state/st2024a.txt,48
2024,49,Utah,105,5-plus-unit,331,5523,1055808,1055808000,307,5184,1006138,1006138000,BPS-ST-2024,raw/state/st2024a.txt,48
2025,49,Utah,101,1-unit,16774,16774,6294222,6294222000,16164,16164,6069177,6069177000,BPS-ST-2025,raw/state/st2025a.txt,48
2025,49,Utah,103,2-unit,101,202,49316,49316000,89,178,44684,44684000,BPS-ST-2025,raw/state/st2025a.txt,48
2025,49,Utah,104,3-4-unit,154,578,135796,135796000,153,574,134921,134921000,BPS-ST-2025,raw/state/st2025a.txt,48
2025,49,Utah,105,5-plus-unit,398,9221,1830128,1830128000,383,8879,1777349,1777349000,BPS-ST-2025,raw/state/st2025a.txt,48
